"Symbol","Name","Price..Intraday.","Change","X..Change","Volume","Avg.Vol..3.month.","Market.Cap","PE.Ratio..TTM.","X52.Week.Range"
"PTT.BK","PTT Public Company Limited",33.5,0,"0.00%","24.596M","57.727M",9.5686e+14,"9.46",NA
"PTTEP.BK","PTT Exploration and Production Public Company Limited",172,-1,"-0.58%","7.328M","12.044M",6.82838e+14,"10.31",NA
"GULF.BK","Gulf Energy Development Public Company Limited",54,0.25,"+0.47%","15.498M","15.371M",6.33587e+14,"70.13",NA
"CPALL.BK","CP ALL Public Company Limited",68.75,0.25,"+0.36%","19.45M","22.737M",6.17581e+14,"39.06",NA
"ADVANC.BK","Advanced Info Service Public Company Limited",202,0,"0.00%","3.116M","5.521M",6.00748e+14,"23.57",NA
"BDMS.BK","Bangkok Dusit Medical Services Public Company Limited",30.25,0,"0.00%","25.128M","42.162M",4.80733e+14,"39.29",NA
"MAKRO.BK","Siam Makro Public Company Limited",42,-1,"-2.33%","25.488M","11.138M",4.44373e+14,"21.99",NA
"SCC.BK","The Siam Cement Public Company Limited",356,0,"0.00%","1.622M","2.093M",4.272e+14,"14.47",NA
"SCB.BK","SCB X Public Company Limited",111,1,"+0.91%","7.004M","8.303M",3.73749e+14,"9.86",NA
"KBANK.BK","Kasikornbank Public Company Limited",153.5,1,"+0.66%","11.865M","11.312M",3.63692e+14,"8.72",NA
"EA.BK","Energy Absolute Public Company Limited",90,2.25,"+2.56%","13.73M","9.139M",3.357e+14,"45.69",NA
"CPN.BK","Central Pattana Public Company Limited",69.5,0.75,"+1.09%","3.554M","8.208M",3.10724e+14,"32.03",NA
"BBL.BK","Bangkok Bank Public Company Limited",154.5,0,"0.00%","9.303M","7.912M",2.94916e+14,"10.51",NA
"OR.BK","PTT Oil and Retail Business Public Company Limited",23.8,0.2,"+0.85%","13.814M","21.799M",2.856e+14,"21.06",NA
"CRC.BK","Central Retail Corporation Public Company Limited",44,0.5,"+1.15%","11.986M","12.876M",2.65364e+14,"42.72",NA
"KTB.BK","Krung Thai Bank Public Company Limited",17.4,0,"0.00%","59.63M","35.373M",2.43184e+14,"7.98",NA
"INTUCH.BK","Intouch Holdings Public Company Limited",75.5,0,"0.00%","2.304M","3.386M",2.42105e+14,"23.59",NA
"SCGP.BK","SCG Packaging Public Company Limited",55.25,0.25,"+0.45%","7.442M","8.247M",2.37188e+14,"32.12",NA
"IVL.BK","Indorama Ventures Public Company Limited",41.75,-0.5,"-1.18%","12.436M","13.969M",2.34407e+14,"4.97",NA
"BAY.BK","Bank of Ayudhya Public Company Limited",31.5,0,"0.00%","191,465","597,836",2.31706e+14,"7.82",NA
"PTTGC.BK","PTT Global Chemical Public Company Limited",51.25,-0.25,"-0.49%","9.827M","16.409M",2.31079e+14,"14.60",NA
"GPSC.BK","Global Power Synergy Public Company Limited",73.5,0.75,"+1.03%","7.012M","6.063M",2.0725e+14,"82.58",NA
"AWC.BK","Asset World Corp Public Company Limited",6.2,0.2,"+3.33%","93.961M","55.527M",1.98405e+14,"56.36",NA
"HMPRO.BK","Home Product Center Public Company Limited",14.8,-0.1,"-0.67%","33.108M","25.139M",1.94638e+14,"30.83",NA
"CPF.BK","Charoen Pokphand Foods Public Company Limited",24.2,0.1,"+0.41%","7.006M","19.872M",1.9191e+14,"10.52",NA
"MINT.BK","Minor International Public Company Limited",33,0.25,"+0.76%","29.299M","25.022M",1.74075e+14,"N/A",NA
"BH.BK","Bumrungrad Hospital Public Company Limited",211,3,"+1.44%","3.206M","3.372M",1.67721e+14,"45.77",NA
"TRUE.BK","True Corporation Public Company Limited",4.86,-0.02,"-0.41%","40.665M","65.565M",1.62169e+14,"N/A",NA
"TLI.BK","Thai Life Insurance Public Company Limited",14,0.1,"+0.72%","9.015M","24.437M",1.603e+14,"19.44",NA
"KTC.BK","Krungthai Card Public Company Limited",58.5,-0.75,"-1.27%","2.273M","4.943M",1.50832e+14,"22.67",NA
"BEM.BK","Bangkok Expressway and Metro Public Company Limited",9.65,0.05,"+0.52%","22.503M","47.377M",1.475e+14,"64.33",NA
"BJC.BK","Berli Jucker Public Company Limited",36.25,-0.5,"-1.36%","7.231M","6.275M",1.45283e+14,"30.72",NA
"TTB.BK","TMBThanachart Bank Public Company Limited",1.42,0,"0.00%","240.606M","248.63M",1.37422e+14,"10.14",NA
"TOP.BK","Thai Oil Public Company Limited",58,0.5,"+0.87%","12.424M","10.303M",1.29563e+14,"3.16",NA
"LH.BK","Land and Houses Public Company Limited",9.7,0.05,"+0.52%","12.585M","35.195M",1.15912e+14,"13.86",NA
"DTAC.BK","Total Access Communication Public Company Limited",48.75,-0.25,"-0.51%","9.75M","8.416M",1.15431e+14,"47.33",NA
"BTS.BK","BTS Group Holdings Public Company Limited",8.6,-0.1,"-1.15%","35.354M","19.907M",1.13241e+14,"39.09",NA
"BGRIM.BK","B.Grimm Power Public Company Limited",42.25,1,"+2.42%","9.853M","11.354M",1.10142e+14,"1,408.33",NA
"BANPU.BK","Banpu Public Company Limited",12.3,-0.1,"-0.81%","84.535M","89.751M",1.03986e+14,"2.53",NA
"CBG.BK","Carabao Group Public Company Limited",101.5,-1,"-0.98%","2.05M","4.248M",1.015e+14,"40.76",NA
"GLOBAL.BK","Siam Global House Public Company Limited",20.8,0.6,"+2.97%","26.01M","11.325M",9.9876e+13,"27.01",NA
"JMT.BK","JMT Network Services Public Company Limited",66.25,-0.25,"-0.38%","9.887M","5.513M",9.6669e+13,"51.36",NA
"RATCH.BK","Ratch Group Public Company Limited",44,0,"0.00%","1.063M","5.515M",9.57e+13,"10.11",NA
"EGCO.BK","Electricity Generating Public Company Limited",175.5,1,"+0.57%","588,684","916,001",9.2395e+13,"23.78",NA
"OSP.BK","Osotspa Public Company Limited",30,0,"0.00%","5.42M","7.388M",9.0112e+13,"37.04",NA
"MTC.BK","Muangthai Capital Public Company Limited",41.25,-0.25,"-0.60%","5.227M","13.82M",8.745e+13,"17.26",NA
"ITC.BK","i-Tail Corporation Public Company Limited",28,-0.25,"-0.88%","1.192M","16.214M",8.4e+13,"17.28",NA
"TISCO.BK","TISCO Financial Group Public Company Limited",103,1,"+0.98%","2.216M","3.537M",8.2467e+13,"11.43",NA
"PSG.BK","PSG Corporation Public Company Limited",1.26,-0.01,"-0.79%","29.313M","55.221M",8.189e+13,"126.00",NA
"COM7.BK","Com7 Public Company Limited",32.75,0,"0.00%","8.027M","9.997M",7.8109e+13,"25.99",NA
"TU.BK","Thai Union Group Public Company Limited",16.5,0,"0.00%","7.657M","24.858M",7.6805e+13,"10.19",NA
"SAWAD.BK","Srisawad Corporation Public Company Limited",55.75,0.25,"+0.45%","5.264M","10.207M",7.6553e+13,"17.37",NA
"TIDLOR.BK","Ngern Tid Lor Public Company Limited",30.25,-0.25,"-0.82%","18.659M","11.288M",7.5545e+13,"21.45",NA
"TOA.BK","TOA Paint (Thailand) Public Company Limited",35,0,"0.00%","6.398M","1.67M",7.1015e+13,"43.75",NA
"CENTEL.BK","Central Plaza Hotel Public Company Limited",51.25,-0.25,"-0.49%","921,349","4.918M",6.9188e+13,"1,025.00",NA
"TFMAMA.BK","Thai President Foods Public Company Limited",200,-2,"-0.99%","2,603","2,914",6.5941e+13,"23.36",NA
"RAM.BK","Ramkhamhaeng Hospital Public Company Limited",53.75,-0.25,"-0.46%","180,906","496,481",6.45e+13,"18.41",NA
"IRPC.BK","IRPC Public Company Limited",3.14,-0.02,"-0.63%","57.749M","72.473M",6.4089e+13,"12.56",NA
"KKP.BK","Kiatnakin Phatra Bank Public Company Limited",73.25,1,"+1.38%","5.045M","4.224M",6.2025e+13,"7.57",NA
"JMART.BK","Jay Mart Public Company Limited",40,-1,"-2.44%","16.858M","5.51M",5.8293e+13,"17.24",NA
"WHA.BK","WHA Corporation Public Company Limited",3.9,0.06,"+1.56%","84.343M","91.896M",5.8293e+13,"17.73",NA
"KCE.BK","KCE Electronics Public Company Limited",49,-0.5,"-1.01%","17.141M","16.861M",5.7917e+13,"23.00",NA
"THG.BK","Thonburi Healthcare Group Public Company Limited",68.25,0,"0.00%","775,303","4.971M",5.784e+13,"28.68",NA
"BYD.BK","Beyond Securities Public Company Limited",12.8,-0.1,"-0.78%","3.619M","7.509M",5.4096e+13,"320.00",NA
"BAM.BK","Bangkok Commercial Asset Management Public Company Limited",16.4,0.2,"+1.23%","12.8M","22.24M",5.3005e+13,"18.85",NA
"M.BK","MK Restaurant Group Public Company Limited",57.5,0.75,"+1.32%","3.268M","1.009M",5.295e+13,"35.06",NA
"CPNREIT.BK","CPN Retail Growth Leasehold REIT",20.6,0.7,"+3.52%","3.709M","890,762",5.2901e+13,"16.89",NA
"BCH.BK","Bangkok Chain Hospital Public Company Limited",21.2,0,"0.00%","2.887M","13.765M",5.2873e+13,"10.05",NA
"VGI.BK","VGI Public Company Limited",4.66,-0.02,"-0.43%","14.348M","35.318M",5.2166e+13,"N/A",NA
"BPP.BK","Banpu Power Public Company Limited",17,0.5,"+3.03%","4.221M","944,513",5.1811e+13,"8.25",NA
"BCP.BK","Bangchak Corporation Public Company Limited",36.75,0.25,"+0.68%","10.267M","7.333M",5.0255e+13,"3.73",NA
"BLA.BK","Bangkok Life Assurance Public Company Limited",28.75,0.25,"+0.88%","1.392M","4.73M",4.9093e+13,"15.29",NA
"SCCC.BK","Siam City Cement Public Company Limited",160,1,"+0.63%","155,852","153,016",4.768e+13,"12.48",NA
"AEONTS.BK","AEON Thana Sinsap (Thailand) Public Company Limited",187.5,0,"0.00%","836,232","365,157",4.6875e+13,"11.62",NA
"SPRC.BK","Star Petroleum Refining Public Company Limited",10.7,-0.2,"-1.83%","17.718M","21.239M",4.6394e+13,"5.02",NA
"SPALI.BK","Supalai Public Company Limited",23.7,0.5,"+2.16%","8.31M","11.419M",4.6294e+13,"5.20",NA
"HANA.BK","Hana Microelectronics Public Company Limited",56.75,-0.5,"-0.87%","11.981M","14.105M",4.5677e+13,"46.90",NA
"TCAP.BK","Thanachart Capital Public Company Limited",43.25,0.5,"+1.17%","2.09M","2.755M",4.5352e+13,"7.65",NA
"GUNKUL.BK","Gunkul Engineering Public Company Limited",5.1,0.05,"+0.99%","16.688M","42.121M",4.5301e+13,"13.78",NA
"MEGA.BK","Mega Lifesciences Public Company Limited",49.5,-0.25,"-0.50%","1.548M","2.799M",4.3158e+13,"18.47",NA
"CHG.BK","Chularat Hospital Public Company Limited",3.84,0.06,"+1.59%","13.901M","42.744M",4.224e+13,"9.85",NA
"DOHOME.BK","Dohome Public Company Limited",14.4,0,"0.00%","8.252M","12.928M",4.1857e+13,"49.66",NA
"SPI.BK","Saha Pathana Inter-Holding Public Company Limited",72,2,"+2.86%","40,200","5,413",4.1176e+13,"14.01",NA
"CK.BK","CH. Karnchang Public Company Limited",23.9,0.3,"+1.27%","6.837M","5.257M",3.9624e+13,"35.67",NA
"WHART.BK","WHA Premium Growth Freehold And Leasehold Real Estate Investment Trust",12,0.5,"+4.35%","10.166M","1.71M",3.9275e+13,"21.05",NA
"PLANB.BK","Plan B Media Public Company Limited",8.9,0.1,"+1.14%","42.969M","24.816M",3.8086e+13,"59.33",NA
"TTW.BK","TTW Public Company Limited",9.5,0,"0.00%","2.21M","4.475M",3.7905e+13,"12.50",NA
"STARK.BK","Stark Corporation Public Company Limited",2.82,0.04,"+1.44%","139.451M","74.456M",3.7806e+13,"10.85",NA
"CKP.BK","CK Power Public Company Limited",4.56,0.04,"+0.88%","6.433M","11.176M",3.707e+13,"14.71",NA
"VIBHA.BK","Vibhavadi Medical Center Public Company Limited",2.72,0,"0.00%","1.26M","5.001M",3.6927e+13,"20.92",NA
"AAV.BK","Asia Aviation Public Company Limited",3.02,0.04,"+1.34%","32.647M","39.775M",3.6736e+13,"N/A",NA
"FTREIT.BK","Ticon Freehold and Leasehold Real Estate Investment Trust",11.9,0.7,"+6.25%","5.24M","796,739",3.6454e+13,"15.06",NA
"AP.BK","AP (Thailand) Public Company Limited",11.4,0.2,"+1.79%","10.95M","17.798M",3.5863e+13,"6.30",NA
"FPT.BK","Frasers Property (Thailand) Public Company Limited",15.2,0,"0.00%","12,800","84,885",3.5253e+13,"14.34",NA
"TPIPL.BK","TPI Polene Public Company Limited",1.86,0.02,"+1.09%","1.848M","20.878M",3.5219e+13,"4.65",NA
"JTS.BK","Jasmine Technology Solution Public Company Limited",49.75,-2,"-3.86%","1.268M","2.267M",3.5146e+13,"165.83",NA
"SCAP.BK","Srisawad Capital 1969 Public Company Limited",27,0,"0.00%","172,614","359,722",3.5134e+13,"20.15",NA
"LPF.BK","Lotus's Retail Growth Freehold and Leasehold Property Fund",14.4,1,"+7.46%","5.222M","1.212M",3.3657e+13,"20.28",NA
"FORTH.BK","Forth Corporation Public Company Limited",35.25,-0.25,"-0.70%","1.332M","3.092M",3.2972e+13,"40.99",NA
"ESSO.BK","Esso (Thailand) Public Company Limited",9.5,0.25,"+2.70%","72.61M","39.628M",3.2878e+13,"2.79",NA
"STA.BK","Sri Trang Agro-Industry Public Company Limited",21.4,0.4,"+1.90%","1.864M","4.119M",3.287e+13,"2.48",NA
"KEX.BK","Kerry Express (Thailand) Public Company Limited",18.3,0.1,"+0.55%","560,542","2.842M",3.1889e+13,"N/A",NA
"PB.BK","President Bakery Public Company Limited",69.5,0,"0.00%","30","4,439",3.1275e+13,"18.83",NA
"BKI.BK","Bangkok Insurance Public Company Limited",293,-1,"-0.34%","34,158","36,619",3.1196e+13,"N/A",NA
"TFG.BK","Thaifoods Group Public Company Limited",5.4,-0.05,"-0.92%","6.014M","11.101M",3.0532e+13,"8.06",NA
"STGT.BK","Sri Trang Gloves (Thailand) Public Company Limited",10.5,0.1,"+0.96%","4.813M","10.634M",3.0084e+13,"8.40",NA
"CIMBT.BK","CIMB Thai Bank Public Company Limited",0.86,0.01,"+1.18%","3.949M","2.927M",2.9947e+13,"8.60",NA
"BCPG.BK","BCPG Public Company Limited",10.2,0,"0.00%","4.763M","6.492M",2.9658e+13,"11.59",NA
"PSH.BK","Pruksa Holding Public Company Limited",13.5,0.1,"+0.75%","294,119","1.217M",2.9551e+13,"11.44",NA
"NEX.BK","Nex Point Public Company Limited",17.6,-0.1,"-0.56%","3.362M","6.127M",2.947e+13,"N/A",NA
"ORI.BK","Origin Property Public Company Limited",11.9,0.1,"+0.85%","5.404M","6.897M",2.9204e+13,"8.50",NA
"BA.BK","Bangkok Airways Public Company Limited",13.8,0.6,"+4.55%","5.091M","3.533M",2.898e+13,"N/A",NA
"TIPH.BK","Dhipaya Group Holdings Public Company Limited",48.75,-0.25,"-0.51%","5.806M","3.986M",2.8972e+13,"29.73",NA
"TPIPP.BK","TPI Polene Power Public Company Limited",3.44,0.02,"+0.58%","1.214M","3.882M",2.8896e+13,"8.82",NA
"E1VFVN3001.BK","VFMVN30 ETF Fund",26.75,0,"0.00%","2.64M","2.611M",2.889e+13,"16.11",NA
"RBF.BK","R&B Food Supply Public Company Limited",14.3,0.1,"+0.70%","5.151M","5.079M",2.86e+13,"57.20",NA
"SKR.BK","Sikarin Public Company Limited",13.6,-0.1,"-0.73%","260,402","272,952",2.7986e+13,"16.39",NA
"MBK.BK","MBK Public Company Limited",17.8,-0.3,"-1.66%","1.781M","3.628M",2.7119e+13,"N/A",NA
"ACE.BK","Absolute Clean Energy Public Company Limited",2.68,0.02,"+0.75%","27.451M","18.403M",2.7003e+13,"17.87",NA
"TASCO.BK","Tipco Asphalt Public Company Limited",17.1,0,"0.00%","1.461M","3.597M",2.699e+13,"14.49",NA
"SIRI.BK","Sansiri Public Company Limited",1.74,0.03,"+1.75%","145.273M","249.468M",2.6792e+13,"10.24",NA
"RCL.BK","Regional Container Lines Public Company Limited",31.5,-0.25,"-0.79%","779,430","4.638M",2.6106e+13,"0.87",NA
"DITTO.BK","Ditto (Thailand) Public Company Limited",49.25,-0.75,"-1.50%","1.117M","2.117M",2.601e+13,"102.60",NA
"EPG.BK","Eastern Polymer Group Public Company Limited",9.25,-0.05,"-0.54%","1.823M","3.664M",2.59e+13,"19.27",NA
"DCC.BK","Dynasty Ceramic Public Company Limited",2.82,-0.02,"-0.70%","3.491M","7.008M",2.5734e+13,"15.67",NA
"TVO.BK","Thai Vegetable Oil Public Company Limited",28.75,-0.25,"-0.86%","678,329","856,372",2.5572e+13,"11.06",NA
"AURA.BK","Aurora Design Public Company Limited",18.9,-0.7,"-3.57%","12.78M","34.401M",2.5213e+13,"32.03",NA
"LHFG.BK","LH Financial Group Public Company Limited",1.19,-0.01,"-0.83%","7.43M","13.98M",2.5209e+13,"29.75",NA
"BTG.BK","Betagro Public Company Limited",33.5,-0.25,"-0.74%","2.23M","4.832M",2.5125e+13,"6.88",NA
"QH.BK","Quality Houses Public Company Limited",2.32,-0.02,"-0.85%","14.964M","18.123M",2.4857e+13,"11.05",NA
"PSL.BK","Precious Shipping Public Company Limited",15.9,0,"0.00%","3.482M","9.375M",2.4793e+13,"4.08",NA
"TQM.BK","TQM Alpha Public Company Limited",41.25,0.5,"+1.23%","1.614M","1.424M",2.475e+13,"33.54",NA
"PTG.BK","PTG Energy Public Company Limited",14.6,-0.1,"-0.68%","4.061M","8.485M",2.4382e+13,"28.63",NA
"THANI.BK","Ratchthani Leasing Public Company Limited",4.3,-0.02,"-0.46%","23.293M","11.864M",2.4351e+13,"13.03",NA
"PTL.BK","Polyplex (Thailand) Public Company Limited",26.5,-0.75,"-2.75%","3.959M","1.024M",2.385e+13,"5.72",NA
"AMATA.BK","Amata Corporation Public Company Limited",20.2,0.3,"+1.51%","4.812M","7.213M",2.323e+13,"10.15",NA
"SINGER.BK","Singer Thailand Public Company Limited",28.25,-0.25,"-0.88%","7.21M","6.037M",2.3073e+13,"22.42",NA
"SNNP.BK","Srinanaporn Marketing Public Company Limited",23.9,0.4,"+1.70%","19.333M","6.895M",2.2944e+13,"46.86",NA
"PRINC.BK","Principal Capital Public Company Limited",5.95,-0.05,"-0.83%","2.609M","4.17M",2.2661e+13,"39.67",NA
"JWD.BK","JWD InfoLogistics Public Company Limited",21.8,0.5,"+2.35%","7.587M","7.953M",2.2236e+13,"27.25",NA
"STEC.BK","Sino-Thai Engineering and Construction Public Company Limited",14.3,-0.2,"-1.38%","9.151M","7.526M",2.1809e+13,"23.44",NA
"IMPACT.BK","Impact Growth Real Estate Investment Trust",14.5,0.8,"+5.84%","1.737M","633,598",2.1496e+13,"35.37",NA
"SPC.BK","Saha Pathanapibul Public Company Limited",64.75,-0.25,"-0.38%","806","2,304",2.114e+13,"12.98",NA
"SVI.BK","SVI Public Company Limited",9.8,-0.2,"-2.00%","12.624M","11.335M",2.1101e+13,"11.81",NA
"BEC.BK","BEC World Public Company Limited",10.5,-0.2,"-1.87%","3.148M","6.122M",2.1e+13,"27.63",NA
"SABUY.BK","Sabuy Technology Public Company Limited",13,0.3,"+2.36%","55.413M","17.248M",2.0878e+13,"17.11",NA
"ERW.BK","The Erawan Group Public Company Limited",4.58,0.04,"+0.88%","17.251M","15.039M",2.0755e+13,"65.43",NA
"SISB.BK","SISB Public Company Limited",22,0.5,"+2.33%","1.403M","1.879M",2.068e+13,"75.86",NA
"BAFS.BK","Bangkok Aviation Fuel Services Public Company Limited",32.25,0.25,"+0.78%","258,677","953,465",2.0559e+13,"N/A",NA
"JAS.BK","Jasmine International Public Company Limited",2.32,0.02,"+0.87%","7.069M","26.111M",1.9935e+13,"N/A",NA
"ONEE.BK","The ONE Enterprise Public Company Limited",8.15,-0.05,"-0.61%","5.216M","8.126M",1.9407e+13,"23.97",NA
"PRM.BK","Prima Marine Public Company Limited",7.7,0.05,"+0.65%","3.824M","9.302M",1.925e+13,"11.32",NA
"SGP.BK","Siamgas and Petrochemicals Public Company Limited",10,0,"0.00%","358,119","609,491",1.8379e+13,"8.77",NA
"BLAND.BK","Bangkok Land Public Company Limited",1.05,0,"0.00%","5.672M","17.544M",1.822e+13,"17.50",NA
"OISHI.BK","Oishi Group Public Company Limited",48.5,0.25,"+0.52%","5,802","17,844",1.8187e+13,"15.20",NA
"BCT.BK","Birla Carbon (Thailand) Public Company Limited",60.5,1.75,"+2.98%","19,401","8,455",1.815e+13,"4.37",NA
"ASK.BK","Asia Sermkij Leasing Public Company Limited",34.25,-0.25,"-0.72%","909,727","1.268M",1.8079e+13,"12.55",NA
"SC.BK","SC Asset Corporation Public Company Limited",4.2,0.02,"+0.48%","3.894M","17.319M",1.7778e+13,"8.08",NA
"SUPER.BK","Super Energy Corporation Public Company Limited",0.65,0,"0.00%","81.141M","46.023M",1.7777e+13,"16.25",NA
"THCOM.BK","Thaicom Public Company Limited",15.5,-0.3,"-1.90%","12.688M","19.968M",1.699e+13,"44.29",NA
"TCCC.BK","Thai Central Chemical Public Company Limited",28.75,0,"0.00%","8,405","10,075",1.6811e+13,"17.11",NA
"GFPT.BK","GFPT Public Company Limited",13.4,-0.1,"-0.74%","3.738M","5.506M",1.6801e+13,"10.15",NA
"TKN.BK","Taokaenoi Food & Marketing Public Company Limited",12,0.9,"+8.11%","24.528M","12.85M",1.656e+13,"42.86",NA
"MAJOR.BK","Major Cineplex Group Public Company Limited",18.5,-0.2,"-1.07%","3.788M","3.923M",1.6551e+13,"59.68",NA
"SGC.BK","SG Capital Public Company Limited",5,0.14,"+2.88%","58.462M","134.863M",1.635e+13,"21.74",NA
"RS.BK","RS Public Company Limited",17,0.1,"+0.59%","1.089M","1.685M",1.6329e+13,"188.89",NA
"AYUD.BK","Allianz Ayudhya Capital Public Company Limited",41.75,-0.25,"-0.60%","4,014","8,331",1.6252e+13,"16.31",NA
"WHAUP.BK","WHA Utilities and Power Public Company Limited",4.18,0,"0.00%","1.689M","3.672M",1.5988e+13,"34.83",NA
"SPCG.BK","SPCG Public Company Limited",15,-0.1,"-0.66%","215,933","557,555",1.5837e+13,"7.08",NA
"SHR.BK","S Hotels and Resorts Public Company Limited",4.38,0,"0.00%","6.053M","15.798M",1.574e+13,"N/A",NA
"KSL.BK","Khon Kaen Sugar Industry Public Company Limited",3.56,-0.02,"-0.56%","1.791M","3.328M",1.57e+13,"11.87",NA
"GGC.BK","Global Green Chemicals Public Company Limited",14.9,0.1,"+0.68%","138,600","155,259",1.5253e+13,"17.13",NA
"ICHI.BK","Ichitan Group Public Company Limited",11.7,0,"0.00%","5.043M","7.428M",1.521e+13,"26.00",NA
"DMT.BK","Don Muang Tollway Public Company Limited",12.7,0.2,"+1.60%","971,016","1.417M",1.5002e+13,"21.17",NA
"BE8.BK","Beryl 8 Plus Public Company Limited",62.25,0.5,"+0.81%","696,620","1.817M",1.498e+13,"119.71",NA
"TTA.BK","Thoresen Thai Agencies Public Company Limited",8.15,-0.05,"-0.61%","3.724M","6.51M",1.4853e+13,"2.97",NA
"GLAND.BK","Grand Canal Land Public Company Limited",2.26,0,"0.00%","136,082","38,342",1.469e+13,"28.25",NA
"KTIS.BK","Kaset Thai International Sugar Corporation Public Company Limited",3.8,0,"0.00%","33,602","129,504",1.4668e+13,"34.55",NA
"STANLY.BK","Thai Stanley Electric Public Company Limited",191,-1,"-0.52%","25,751","43,881",1.4635e+13,"8.74",NA
"PR9.BK","Praram 9 Hospital Public Company Limited",18.4,-0.4,"-2.13%","1.993M","2.117M",1.4468e+13,"26.29",NA
"AAI.BK","Asian Alliance International Public Company Limited",6.75,-0.1,"-1.46%","16.94M","59.27M",1.4344e+13,"3.20",NA
"SYNEX.BK","Synnex (Thailand) Public Company Limited",16.9,0,"0.00%","1.216M","2.374M",1.432e+13,"15.94",NA
"SAK.BK","Saksiam Leasing Public Company Limited",6.55,-0.05,"-0.76%","978,000","2.12M",1.3729e+13,"19.85",NA
"MOSHI.BK","Moshi Moshi Retail Corporation Public Company Limited",45,2,"+4.65%","2.721M","9.926M",1.35e+13,"N/A",NA
"XPG.BK","XSpring Capital Public Company Limited",1.44,-0.03,"-2.04%","17.547M","30.57M",1.3494e+13,"N/A",NA
"SAPPE.BK","Sappe Public Company Limited",43.25,-1,"-2.26%","1.668M","904,942",1.3333e+13,"24.03",NA
"NUSA.BK","Nusasiri Public Company Limited",1.14,0,"0.00%","5.586M","44.947M",1.3276e+13,"N/A",NA
"S.BK","Singha Estate Public Company Limited",1.93,0,"0.00%","2.263M","2.914M",1.3228e+13,"64.33",NA
"CCET.BK","Cal-Comp Electronics (Thailand) Public Company Limited",2.38,0.02,"+0.85%","484,689","2.863M",1.2819e+13,"34.00",NA
"COTTO.BK","SCG Ceramics Public Company Limited",2.12,-0.02,"-0.93%","1.51M","2.869M",1.2641e+13,"21.20",NA
"AIRA.BK","AIRA Capital Public Company Limited",2,0,"0.00%","30,500","179,940",1.263e+13,"200.00",NA
"SSP.BK","Sermsang Power Corporation Public Company Limited",10.1,-0.1,"-0.98%","1.692M","2.397M",1.2614e+13,"8.71",NA
"BBIK.BK","Bluebik Group Public Company Limited",125.5,0,"0.00%","81,713","452,321",1.255e+13,"105.46",NA
"ROJNA.BK","Rojana Industrial Park Public Company Limited",6.15,0.05,"+0.82%","444,440","1.365M",1.2426e+13,"16.18",NA
"HENG.BK","Heng Leasing and Capital Public Company Limited",3.16,0,"0.00%","7.392M","8.258M",1.204e+13,"28.73",NA
"NER.BK","North East Rubber Public Company Limited",6.4,0,"0.00%","2.49M","7.646M",1.1826e+13,"5.66",NA
"AH.BK","AAPICO Hitech Public Company Limited",33,0.5,"+1.54%","1.097M","3.113M",1.171e+13,"7.59",NA
"III.BK","Triple i Logistics Public Company Limited",15.4,0,"0.00%","1.85M","3.868M",1.1376e+13,"22.32",NA
"BAREIT.BK","BA Airport Leasehold Real Estate Investment Trust",10.9,0.2,"+1.87%","3.049M","919,937",1.126e+13,"N/A",NA
"ASIAN.BK","Asian Sea Corporation Public Company Limited",13.8,-0.1,"-0.72%","796,173","3.18M",1.1234e+13,"11.04",NA
"SKY.BK","Sky ICT Public Company Limited",17.8,0.4,"+2.30%","8.08M","3.22M",1.1112e+13,"77.39",NA
"SAUCE.BK","Thaitheparos Public Company Limited",30.75,0.25,"+0.82%","2,361","10,091",1.107e+13,"18.20",NA
"CMR.BK","Chiang Mai Ram Medical Business Public Company Limited",2.74,-0.02,"-0.72%","196,600","503,285",1.1023e+13,"19.57",NA
"NINE.BK","Nation International Edutainment Public Company Limited",6.85,-0.15,"-2.14%","28,201","43,203",1.0888e+13,"N/A",NA
"ITD.BK","Italian-Thai Development Public Company Limited",2.06,0.02,"+0.98%","18.308M","12.817M",1.0877e+13,"N/A",NA
"FSMART.BK","Forth Smart Service Public Company Limited",14.3,0.1,"+0.70%","1.752M","4.282M",1.077e+13,"32.50",NA
"PLAT.BK","The Platinum Group Public Company Limited",3.8,0.02,"+0.53%","1.056M","1.737M",1.064e+13,"N/A",NA
"CHAYO.BK","Chayo Group Public Company Limited",9.7,0.2,"+2.11%","4.871M","3.389M",1.0603e+13,"51.05",NA
"UTP.BK","United Paper Public Company Limited",16.2,0.1,"+0.62%","127,206","319,029",1.053e+13,"11.41",NA
"DUSIT.BK","Dusit Thani Public Company Limited",12.3,0,"0.00%","885,836","359,054",1.0397e+13,"N/A",NA
"AU.BK","After You Public Company Limited",12.7,0,"0.00%","2.5M","4.027M",1.0358e+13,"105.83",NA
"TSTH.BK","Tata Steel (Thailand) Public Company Limited",1.22,-0.01,"-0.81%","3.289M","5.995M",1.0274e+13,"6.42",NA
"HUMAN.BK","Humanica Public Company Limited",11.8,0,"0.00%","1.43M","1.913M",1.0236e+13,"59.00",NA
"SPA.BK","Siam Wellness Group Public Company Limited",11.9,-0.1,"-0.83%","434,407","2.575M",1.0174e+13,"N/A",NA
"VNG.BK","Vanachai Group Public Company Limited",5.8,-0.05,"-0.85%","159,402","357,318",1.0064e+13,"8.29",NA
"KGI.BK","KGI Securities (Thailand) Public Company Limited",5.05,-0.05,"-0.98%","763,255","1.833M",1.0058e+13,"8.02",NA
"ICC.BK","I.C.C. International Public Company Limited",34.5,-1,"-2.82%","7,800","3,059",1.0039e+13,"25.00",NA
"OTO.BK","One to One Contacts Public Company Limited",17.9,0.9,"+5.29%","7.069M","1.551M",1.0024e+13,"1,790.00",NA
"SIS.BK","SiS Distribution (Thailand) Public Company Limited",28.5,0.25,"+0.88%","360,705","300,642",9.981e+12,"13.07",NA
"BBGI.BK","BBGI Public Company Limited",6.85,-0.05,"-0.72%","1.589M","1.419M",9.905e+12,"171.25",NA
"BRI.BK","Britania Public Company Limited",11.6,0,"0.00%","1.052M","3.237M",9.893e+12,"7.79",NA
"ILM.BK","Index Living Mall Public Company Limited",19.4,0.2,"+1.04%","850,415","854,937",9.797e+12,"15.65",NA
"BOL.BK","Business Online Public Company Limited",11.8,-0.4,"-3.28%","922,201","819,709",9.682e+12,"36.88",NA
"TR.BK","Thai Rayon Public Company Limited",47.75,0,"0.00%","2,800","4,704",9.626e+12,"2.97",NA
"SA.BK","Siamese Asset Public Company Limited",8.1,-0.05,"-0.61%","37,220","428,411",9.604e+12,"81.00",NA
"SNP.BK","S&P Syndicate Public Company Limited",18.3,0,"0.00%","56,413","65,022",9.385e+12,"20.56",NA
"SSC.BK","Sermsuk Public Company Limited",35,0,"0.00%","8,203","3,408",9.307e+12,"700.00",NA
"RJH.BK","Rajthanee Hospital Public Company Limited",31,0,"0.00%","127,795","390,078",9.28e+12,"7.28",NA
"MC.BK","MC Group Public Company Limited",11.7,0.1,"+0.86%","1.436M","786,496",9.266e+12,"16.03",NA
"GJS.BK","G J Steel Public Company Limited",0.36,0.01,"+2.86%","4.124M","10.326M",9.175e+12,"5.14",NA
"SUC.BK","Saha-Union Public Company Limited",30.5,-0.25,"-0.81%","44,908","56,931",9.15e+12,"12.45",NA
"NRF.BK","NR Instant Produce Public Company Limited",6.45,-0.15,"-2.27%","4.543M","2.896M",9.144e+12,"23.89",NA
"SAT.BK","Somboon Advance Technology Public Company Limited",21.4,0.3,"+1.42%","1.126M","1.949M",9.099e+12,"10.05",NA
"EASTW.BK","Eastern Water Resources Development and Management Public Company Limited",5.45,0,"0.00%","1.816M","1.346M",9.067e+12,"11.12",NA
"ETC.BK","Earth Tech Environment Public Company Limited",4,0,"0.00%","3.598M","9.388M",8.96e+12,"50.00",NA
"AIT.BK","Advanced Information Technology Public Company Limited",6.7,0.05,"+0.75%","17.087M","5.955M",8.919e+12,"335.00",NA
"LANNA.BK","Lanna Resources Public Company Limited",16.8,-0.2,"-1.18%","1.223M","2.138M",8.82e+12,"3.09",NA
"SABINA.BK","Sabina Public Company Limited",24.8,-0.1,"-0.40%","388,602","771,545",8.618e+12,"20.84",NA
"AS.BK","Asiasoft Corporation Public Company Limited",17,-0.2,"-1.16%","925,488","2.762M",8.614e+12,"20.48",NA
"LALIN.BK","Lalin Property Public Company Limited",9.15,0,"0.00%","152,028","290,426",8.464e+12,"6.35",NA
"GRAMMY.BK","GMM Grammy Public Company Limited",10.2,0,"0.00%","2,100","10,039",8.363e+12,"340.00",NA
"PCSGH.BK","P.C.S. Machine Group Holding Public Company Limited",5.4,0.05,"+0.93%","299,401","82,427",8.235e+12,"14.21",NA
"STPI.BK","STP&I Public Company Limited",5.15,-0.1,"-1.90%","3.802M","3.723M",8.233e+12,"64.38",NA
"WORK.BK","Workpoint Entertainment Public Company Limited",18.4,-0.1,"-0.54%","139,203","706,590",8.125e+12,"68.15",NA
"INOX.BK","POSCO-Thainox Public Company Limited",1.04,-0.01,"-0.95%","2.652M","5.012M",8.108e+12,"9.45",NA
"ALUCON.BK","Alucon Public Company Limited",185.5,2.5,"+1.37%","110","1,042",8.014e+12,"11.82",NA
"PRI.BK","Primo Service Solutions Public Company Limited",25,0.2,"+0.81%","2.241M","15.934M",8e+12,"40.32",NA
"FUTUREPF.BK","Future Park Leasehold Property Fund",15.1,0.2,"+1.34%","476,704","100,621",7.996e+12,"N/A",NA
"NOBLE.BK","Noble Development Public Company Limited",5.65,0.1,"+1.80%","4.293M","3.874M",7.737e+12,"62.78",NA
"SHANG.BK","Shangri-La Hotel Public Company Limited",58.75,-0.25,"-0.42%","3,500","7,445",7.637e+12,"N/A",NA
"PRG.BK","PRG Corporation Public Company Limited",11.5,0,"0.00%","5,601","21,568",7.575e+12,"11.86",NA
"WICE.BK","Wice Logistics Public Company Limited",11.6,0.2,"+1.75%","4.062M","4.804M",7.562e+12,"12.08",NA
"QHPF.BK","Quality Houses Leasehold Property Fund",9.4,0,"0.00%","467,894","203,996",7.492e+12,"85.45",NA
"KAMART.BK","Karmarts Public Company Limited",8.45,-0.05,"-0.59%","13.36M","9.564M",7.436e+12,"28.17",NA
"KLINIQ.BK","The Klinique Medical Clinic Public Company Limited",33.75,-0.25,"-0.74%","1.56M","7.527M",7.425e+12,"32.45",NA
"WHAIR.BK","WHA Industrial Leasehold Real Estate Investment Trust",7.8,0.2,"+2.63%","1.754M","573,300",7.407e+12,"9.07",NA
"UVAN.BK","Univanich Palm Oil Public Company Limited",7.85,0.05,"+0.64%","770,107","369,845",7.379e+12,"11.54",NA
"MTI.BK","Muang Thai Insurance Public Company Limited",125,0,"0.00%","23,600","10,365",7.375e+12,"8.78",NA
"GVREIT.BK","Golden Ventures Leasehold Real Estate Investment Trust",9.05,0.05,"+0.56%","787,601","215,018",7.374e+12,"11.46",NA
"RABBIT.BK","Rabbit Holdings Public Company Limited",1.3,0.01,"+0.78%","23.906M","49.211M",7.298e+12,"N/A",NA
"AIMIRT.BK","AIM Industrial Growth Freehold and Leasehold Real Estate Investment Trust",12.2,0,"0.00%","462,001","140,954",7.265e+12,"10.52",NA
"LHHOTEL.BK","LH Hotel Leasehold Real Estate Investment Trust",13.5,0.3,"+2.27%","1.115M","505,416",7.262e+12,"17.31",NA
"SMPC.BK","Sahamitr Pressure Container Public Company Limited",13.5,0,"0.00%","211,652","598,408",7.229e+12,"7.26",NA
"TNL.BK","Thanulux Public Company Limited",34,0,"0.00%","6,800","17,260",7.219e+12,"46.58",NA
"NSL.BK","NSL Foods Public Company Limited",23.7,0.7,"+3.04%","1.523M","1.234M",7.11e+12,"26.93",NA
"CPTGF.BK","C.P. Tower Growth Leasehold Property Fund",7.35,0,"0.00%","239,200","101,016",7.107e+12,"10.50",NA
"BGC.BK","BG Container Glass Public Company Limited",10.2,0,"0.00%","83,942","467,468",7.083e+12,"12.75",NA
"DRT.BK","Diamond Building Products Public Company Limited",8.2,0.05,"+0.61%","107,124","323,439",7.011e+12,"11.88",NA
"TMT.BK","TMT Steel Public Company Limited",8.05,0,"0.00%","72,059","420,554",7.01e+12,"18.72",NA
"OHTL.BK","OHTL Public Company Limited",464,-4,"-0.85%","401","945",7.005e+12,"N/A",NA
"ASW.BK","Assetwise Public Company Limited",8.05,0.05,"+0.63%","334,124","1.126M",6.894e+12,"7.67",NA
"TEAMG.BK","TEAM Consulting Engineering and Management Public Company Limited",10.1,-0.2,"-1.94%","3.62M","5.279M",6.868e+12,"67.33",NA
"TKS.BK","T.K.S. Technologies Public Company Limited",13.3,-0.2,"-1.48%","2.584M","3.67M",6.762e+12,"9.30",NA
"HL.BK","Healthlead Public Company Limited",24.8,0.2,"+0.81%","270,316","663,809",6.746e+12,"63.59",NA
"LPN.BK","L.P.N. Development Public Company Limited",4.54,0,"0.00%","1.977M","4.147M",6.7e+12,"10.81",NA
"TKC.BK","Turnkey Communication Services Public Company Limited",22.3,0.6,"+2.76%","667,801","335,714",6.69e+12,"21.65",NA
"AMATAV.BK","Amata VN Public Company Limited",7.15,0.1,"+1.42%","46,131","95,336",6.685e+12,"4.02",NA
"TNH.BK","Thai Nakarin Hospital Public Company Limited",37,0.75,"+2.07%","5,300","15,200",6.66e+12,"18.69",NA
"AMARIN.BK","Amarin Printing and Publishing Public Company Limited",6.65,0.05,"+0.76%","36,265","82,470",6.639e+12,"14.15",NA
"LHSC.BK","LH Shopping Centers Leasehold Real Estate Investment Trust",13.4,1.2,"+9.84%","1.102M","93,486",6.54e+12,"31.90",NA
"MST.BK","Maybank Securities (Thailand) Public Company Limited",11.4,-0.1,"-0.87%","20,710","41,119",6.507e+12,"10.18",NA
"ASP.BK","Asia Plus Group Holdings Public Company Limited",3.08,-0.02,"-0.65%","926,415","2.394M",6.485e+12,"13.39",NA
"ALLY.BK","Ally Leasehold Real Estate Investment Trust",7.4,0.2,"+2.78%","1.106M","351,408",6.468e+12,"12.33",NA
"BRR.BK","Buriram Sugar Public Company Limited",7.9,-0.1,"-1.25%","1.383M","5.441M",6.416e+12,"6.81",NA
"NTV.BK","Nonthavej Hospital Public Company Limited",40,0,"0.00%","5,027","29,880",6.4e+12,"24.10",NA
"KYE.BK","Kang Yong Electric Public Company Limited",319,0,"0.00%","600","524",6.316e+12,"39.29",NA
"NFC.BK","NFC Public Company Limited",5.7,-0.05,"-0.87%","434,556","2.863M",6.201e+12,"15.00",NA
"UBE.BK","Ubon Bio Ethanol Public Company Limited",1.56,-0.02,"-1.27%","4.891M","8.921M",6.106e+12,"19.50",NA
"ANAN.BK","Ananda Development Public Company Limited",1.46,-0.01,"-0.68%","10.457M","20.051M",6.083e+12,"N/A",NA
"EKH.BK","Ekachai Medical Care Public Company Limited",9,-0.05,"-0.55%","2.659M","6.318M",6.074e+12,"20.45",NA
"METCO.BK","Muramoto Electron (Thailand) Public Company Limited",290,0,"0.00%","7,838","13,018",6.06e+12,"8.60",NA
"UV.BK","Univentures Public Company Limited",3.16,0.02,"+0.64%","574,500","2.904M",6.042e+12,"35.11",NA
"PLUS.BK","Royal Plus Public Company Limited",8.95,-0.15,"-1.65%","4.137M","5.476M",5.996e+12,"28.87",NA
"HTC.BK","Haad Thip Public Company Limited",29.75,0,"0.00%","39,718","192,663",5.986e+12,"14.73",NA
"BOFFICE.BK","Bhiraj Office Leasehold Real Estate Investment Trust",8,0.05,"+0.63%","773,901","110,559",5.903e+12,"13.79",NA
"AJ.BK","A.J. Plast Public Company Limited",13.4,-0.3,"-2.19%","467,234","368,300",5.896e+12,"14.11",NA
"XO.BK","Exotic Food Public Company Limited",13.7,0.1,"+0.74%","290,010","607,921",5.831e+12,"15.75",NA
"SPG.BK","Siam Pan Group Public Company Limited",16.9,0,"0.00%","102","509",5.83e+12,"15.36",NA
"PRIME.BK","Prime Road Power Public Company Limited",1.37,-0.02,"-1.44%","207,433","515,962",5.829e+12,"N/A",NA
"YGG.BK","Yggdrazil Group Public Company Limited",9.6,0.15,"+1.59%","2.123M","2.985M",5.779e+12,"41.74",NA
"NCAP.BK","Next Capital Public Company Limited",4.24,0.18,"+4.43%","22.897M","16.469M",5.724e+12,"32.62",NA
"IP.BK","Inter Pharma Public Company Limited",15.3,-0.1,"-0.65%","1.306M","966,239",5.7e+12,"35.58",NA
"KWI.BK","KWI Public Company Limited",2.78,-0.06,"-2.11%","2.057M","6.4M",5.683e+12,"N/A",NA
"LRH.BK","Laguna Resorts & Hotels Public Company Limited",34,0,"0.00%","3,300","11,132",5.667e+12,"N/A",NA
"SENA.BK","Sena Development Public Company Limited",3.92,0,"0.00%","987,771","1.506M",5.654e+12,"4.22",NA
"SAMART.BK","Samart Corporation Public Company Limited",5.6,0,"0.00%","1.005M","1.772M",5.636e+12,"N/A",NA
"MONO.BK","Mono Next Public Company Limited",1.61,-0.01,"-0.62%","5.043M","15.183M",5.588e+12,"53.67",NA
"SCG.BK","Sahacogen (Chonburi) Public Company Limited",4.8,0.04,"+0.84%","6,631","75,995",5.586e+12,"N/A",NA
"TFM.BK","Thai Union Feedmill Public Company Limited",11.1,0.1,"+0.91%","130,541","306,947",5.55e+12,"31.71",NA
"POPF.BK","Prime Office Leasehold Property Fund",11.4,0,"0.00%","41,260","217,506",5.491e+12,"15.02",NA
"DDD.BK","Do Day Dream Public Company Limited",17.2,-0.6,"-3.37%","367,115","462,113",5.468e+12,"38.22",NA
"KISS.BK","Rojukiss International Public Company Limited",9.1,0,"0.00%","966,800","3.911M",5.46e+12,"50.56",NA
"TSE.BK","Thai Solar Energy Public Company Limited",2.56,0.02,"+0.79%","7.428M","2.971M",5.421e+12,"10.24",NA
"PM.BK","Premier Marketing Public Company Limited",9.6,0,"0.00%","90,717","449,355",5.358e+12,"17.45",NA
"UNIQ.BK","Unique Engineering and Construction Public Company Limited",4.92,-0.04,"-0.81%","366,310","388,422",5.319e+12,"123.00",NA
"NETBAY.BK","Netbay Public Company Limited",26.5,-0.25,"-0.93%","363,435","364,888",5.3e+12,"33.97",NA
"SENAJ.BK","SENA J Property Public Company Limited",1.26,0.08,"+6.78%","23.923M","26.264M",5.292e+12,"N/A",NA
"WARRIX.BK","Warrix Sport Public Company Limited",8.8,-0.1,"-1.12%","18.474M","34.84M",5.28e+12,"293.33",NA
"TEGH.BK","Thai Eastern Group Holdings Public Company Limited",4.86,-0.08,"-1.62%","16.318M","21.759M",5.249e+12,"7.71",NA
"JR.BK","J.R.W. Utility Public Company Limited",6.9,-0.1,"-1.43%","506,000","970,739",5.244e+12,"30.00",NA
"SNC.BK","SNC Former Public Company Limited",14.3,-0.1,"-0.69%","404,590","750,909",5.18e+12,"7.11",NA
"ITEL.BK","Interlink Telecom Public Company Limited",3.78,-0.06,"-1.56%","5.244M","5.509M",5.158e+12,"18.90",NA
"VIH.BK","Srivichaivejvivat Public Company Limited",9,0.1,"+1.12%","135,105","328,154",5.136e+12,"7.38",NA
"LOXLEY.BK","Loxley Public Company Limited",2.24,-0.04,"-1.75%","140,100","592,878",5.073e+12,"56.00",NA
"POLY.BK","Polynet Public Company Limited",11.2,-0.1,"-0.88%","423,600","22.032M",5.04e+12,"31.11",NA
"ZEN.BK","ZEN Corporation Group Public Company Limited",16.7,0,"0.00%","86,801","390,916",5.01e+12,"42.82",NA
"A5.BK","Asset Five Group Public Company Limited",4.14,0.08,"+1.97%","3.84M","21.83M",5.007e+12,"51.75",NA
"JUBILE.BK","Jubilee Enterprise Public Company Limited",28.5,-0.75,"-2.56%","108,153","87,952",4.967e+12,"14.47",NA
"CPNCG.BK","CPN Commercial Growth Leasehold Property Fund",11.6,0,"0.00%","331,700","137,578",4.949e+12,"11.11",NA
"TEAM.BK","Team Precision Public Company Limited",7.75,-0.05,"-0.64%","3.814M","21.087M",4.937e+12,"20.39",NA
"A.BK","Areeya Property Public Company Limited",4.98,0,"0.00%","2,539","5,055",4.88e+12,"N/A",NA
"M-CHAI.BK","Mahachai Hospital Public Company Limited",304,-2,"-0.65%","23,301","12,847",4.864e+12,"9.22",NA
"3K-BAT.BK","Thai Energy Storage Technology Public Company Limited",62,-1,"-1.59%","200","490",4.861e+12,"30.69",NA
"AUCT.BK","Union Auction Public Company Limited",8.8,-0.1,"-1.12%","437,178","1.332M",4.84e+12,"20.95",NA
"APURE.BK","Agripure Holdings Public Company Limited",5.2,0,"0.00%","650,415","559,014",4.834e+12,"17.93",NA
"AI.BK","Asian Insulators Public Company Limited",6.75,0,"0.00%","287,170","420,568",4.725e+12,"19.29",NA
"MCS.BK","M.C.S. Steel Public Company Limited",9.8,0.05,"+0.51%","840,490","1.069M",4.675e+12,"9.80",NA
"TPRIME.BK","Thailand Prime Property Freehold and Leasehold Real Estate Investment Trust",8.5,0.05,"+0.59%","44,501","136,816",4.654e+12,"14.41",NA
"FPI.BK","Fortune Parts Industry Public Company Limited",3.06,-0.06,"-1.92%","1.966M","4.426M",4.63e+12,"9.87",NA
"PTECH.BK","Plus Tech Innovation Public Company Limited",18.9,-1.5,"-7.35%","173,699","3,134",4.628e+12,"11.96",NA
"MACO.BK","Master Ad Public Company Limited",0.57,0.01,"+1.79%","7.49M","8.279M",4.627e+12,"28.50",NA
"TWPC.BK","Thai Wah Public Company Limited",5.25,0.05,"+0.96%","543,830","318,791",4.622e+12,"13.46",NA
"BROOK.BK","The Brooker Group Public Company Limited",0.49,-0.02,"-3.92%","22.489M","17.308M",4.564e+12,"N/A",NA
"J.BK","JAS Asset Public Company Limited",3.96,-0.06,"-1.49%","1.764M","1.631M",4.516e+12,"20.84",NA
"MILL.BK","Millcon Steel Public Company Limited",0.81,0,"0.00%","9.666M","2.455M",4.499e+12,"20.25",NA
"DREIT.BK","Dusit Thani Freehold and Leasehold Real Estate Investment Trust",6.3,0.05,"+0.80%","200,500","43,575",4.482e+12,"9.69",NA
"SKN.BK","S.Kijchai Enterprise Public Company Limited",5.55,0.4,"+7.77%","2.154M","554,345",4.44e+12,"5.50",NA
"WACOAL.BK","Thai Wacoal Public Company Limited",37,1.75,"+4.96%","301","522",4.44e+12,"54.41",NA
"TK.BK","Thitikorn Public Company Limited",8.85,-0.05,"-0.56%","64,700","225,072",4.425e+12,"10.06",NA
"TPAC.BK","Thai Plaspac Public Company Limited",13.5,0.3,"+2.27%","107,938","60,190",4.408e+12,"15.70",NA
"TOG.BK","Thai Optical Group Public Company Limited",9.25,-0.1,"-1.07%","492,801","210,952",4.387e+12,"11.71",NA
"TIPCO.BK","Tipco Foods Public Company Limited",9.05,0.05,"+0.56%","55,588","259,750",4.367e+12,"16.76",NA
"SO.BK","Siamrajathanee Public Company Limited",9.75,0.1,"+1.04%","18,742","108,401",4.352e+12,"28.68",NA
"KCC.BK","Knight Club Capital Asset Management Public Company Limited",7,-0.1,"-1.41%","1.314M","5.149M",4.34e+12,"53.85",NA
"SITHAI.BK","Srithai Superware Public Company Limited",1.6,-0.01,"-0.62%","1.899M","12.243M",4.336e+12,"12.31",NA
"MICRO.BK","Micro Leasing Public Company Limited",4.6,-0.04,"-0.86%","639,011","1.014M",4.301e+12,"38.33",NA
"THRE.BK","Thai Reinsurance Public Company Limited",1.02,-0.01,"-0.97%","2.246M","2.084M",4.299e+12,"N/A",NA
"LST.BK","Lam Soon (Thailand) Public Company Limited",5.2,0.1,"+1.96%","116,800","107,286",4.264e+12,"9.63",NA
"HFT.BK","Hwa Fong Rubber (Thailand) Public Company Limited",6.45,-0.05,"-0.77%","263,100","302,101",4.247e+12,"8.60",NA
"BEAUTY.BK","Beauty Community Public Company Limited",1.41,0,"0.00%","5.787M","17.456M",4.222e+12,"N/A",NA
"AGE.BK","Asia Green Energy Public Company Limited",3.88,-0.02,"-0.51%","1.835M","5.315M",4.22e+12,"3.26",NA
"TRC.BK","TRC Construction Public Company Limited",0.44,0.06,"+15.79%","317.286M","28.206M",4.218e+12,"N/A",NA
"NYT.BK","Namyong Terminal Public Company Limited",3.38,0.04,"+1.20%","1.813M","782,406",4.191e+12,"18.78",NA
"7UP.BK","Seven Utilities and Power Public Company Limited",0.81,-0.01,"-1.22%","9.016M","26.756M",4.166e+12,"81.00",NA
"SMT.BK","Stars Microelectronics (Thailand) Public Company Limited",4.92,-0.06,"-1.20%","2.347M","5.985M",4.141e+12,"15.38",NA
"TC.BK","Tropical Canning (Thailand) Public Company Limited",12.5,0.1,"+0.81%","1.214M","4.61M",4.125e+12,"8.87",NA
"AMANAH.BK","Amanah Leasing Public Company Limited",3.98,-0.02,"-0.50%","2.827M","2.611M",4.124e+12,"14.21",NA
"TTLPF.BK","Talaad Thai Leasehold Property Fund",22.9,0,"0.00%","3","3,929",4.122e+12,"14.68",NA
"PCC.BK","Precise Corporation Public Company Limited",3.36,-0.02,"-0.59%","2.027M","16.531M",4.121e+12,"16.00",NA
"NNCL.BK","Nava Nakorn Public Company Limited",2.06,0.02,"+0.98%","1.879M","287,795",4.118e+12,"18.73",NA
"SAMTEL.BK","Samart Telcoms Public Company Limited",6.65,-0.05,"-0.75%","214,801","266,163",4.11e+12,"55.42",NA
"PIN.BK","Pinthong Industrial Park Public Company Limited",3.54,0.02,"+0.57%","50,356","184,352",4.106e+12,"27.23",NA
"PF.BK","Property Perfect Public Company Limited",0.41,0,"0.00%","1.939M","6.732M",4.105e+12,"13.67",NA
"TRU.BK","Thai Rung Union Car Public Company Limited",6.75,0,"0.00%","96,417","1.661M",4.079e+12,"12.50",NA
"MALEE.BK","Malee Group Public Company Limited",7.45,0,"0.00%","677,177","935,396",4.066e+12,"N/A",NA
"PSTC.BK","Power Solution Technologies Public Company Limited",1.71,-0.02,"-1.16%","2.057M","3.935M",4.056e+12,"4.07",NA
"DEMCO.BK","Demco Public Company Limited",5.55,-0.05,"-0.89%","460,300","7.019M",4.053e+12,"N/A",NA
"LPH.BK","Ladprao General Hospital Public Company Limited",5.6,-0.05,"-0.88%","200,213","171,155",4.032e+12,"11.91",NA
"EP.BK","Eastern Power Group Public Company Limited",4.3,-0.02,"-0.46%","185,601","228,677",4.01e+12,"5.06",NA
"LEO.BK","Leo Global Logistics Public Company Limited",12.7,-0.1,"-0.78%","507,784","1.223M",4.002e+12,"10.85",NA
"Q-CON.BK","Quality Construction Products Public Company Limited",10,0.2,"+2.04%","509,230","2.745M",4e+12,"18.52",NA
"SUSCO.BK","Susco Public Company Limited",3.98,-0.04,"-1.00%","4.342M","11.717M",3.98e+12,"9.71",NA
"ILINK.BK","Interlink Communication Public Company Limited",7.3,-0.1,"-1.35%","887,446","1.162M",3.969e+12,"9.73",NA
"TACC.BK","T.A.C. Consumer Public Company Limited",6.5,0,"0.00%","1.091M","2.563M",3.952e+12,"16.25",NA
"TGE.BK","Thachang Green Energy Public Company Limited",1.79,0,"0.00%","1.598M","13.13M",3.938e+12,"0.03",NA
"IIG.BK","I&I Group Public Company Limited",37.75,0,"0.00%","298,759","425,486",3.909e+12,"41.03",NA
"AIE.BK","AI Energy Public Company Limited",2.96,0,"0.00%","661,150","2.854M",3.896e+12,"24.67",NA
"TSC.BK","Thai Steel Cable Public Company Limited",14.8,0,"0.00%","34,121","21,080",3.845e+12,"18.50",NA
"CGD.BK","Country Group Development Public Company Limited",0.46,0.02,"+4.55%","55.57M","27.078M",3.802e+12,"4.60",NA
"BEYOND.BK","Bound and Beyond Public Company Limited",13.1,0.2,"+1.55%","312,900","150,057",3.784e+12,"18.45",NA
"TMD.BK","Thai Metal Drum Manufacturing Public Company Limited",25,0,"0.00%","11,000","11,457",3.75e+12,"11.57",NA
"INETREIT.BK","Inet Leasehold Real Estate Investment Trust - Inetreit",11.3,-0.1,"-0.88%","105,502","175,660",3.729e+12,"N/A",NA
"AQUA.BK","Aqua Corporation Public Company Limited",0.65,0,"0.00%","6.771M","65.744M",3.713e+12,"5.00",NA
"MFEC.BK","MFEC Public Company Limited",8.35,0.3,"+3.73%","1.15M","664,583",3.686e+12,"15.18",NA
"PRIN.BK","Prinsiri Public Company Limited",3,0,"0.00%","5,100","110,886",3.66e+12,"9.09",NA
"SCM.BK","Successmore Being Public Company Limited",6,0.05,"+0.84%","59,200","1.336M",3.6e+12,"17.14",NA
"ARIN.BK","Arinsiri Land Public Company Limited",5.9,0.1,"+1.72%","752,300","1.06M",3.54e+12,"N/A",NA
"TVI.BK","Thaivivat Insurance Public Company Limited",11.6,0,"0.00%","100,900","474,598",3.515e+12,"15.47",NA
"MSC.BK","Metro Systems Corporation Public Company Limited",9.7,-0.05,"-0.51%","57,501","195,378",3.492e+12,"11.83",NA
"THIP.BK","Thantawan Industry Public Company Limited",38.75,0,"0.00%","14,964","52,288",3.487e+12,"7.57",NA
"RPH.BK","Ratchaphruek Hospital Public Company Limited",6.35,0.05,"+0.79%","579,822","803,583",3.467e+12,"6.68",NA
"BWG.BK","Better World Green Public Company Limited",0.76,-0.01,"-1.30%","17.911M","13.787M",3.459e+12,"N/A",NA
"PYLON.BK","Pylon Public Company Limited",4.56,-0.08,"-1.72%","997,928","646,983",3.419e+12,"25.33",NA
"CH.BK","Chin Huay Public Company Limited",4.24,-0.06,"-1.40%","2.326M","9.937M",3.392e+12,"28.27",NA
"SST.BK","Sub Sri Thai Public Company Limited",6.4,0,"0.00%","700","57,155",3.369e+12,"91.43",NA
"MCOT.BK","MCOT Public Company Limited",4.86,0,"0.00%","20,103","65,178",3.339e+12,"121.50",NA
"TNR.BK","Thai Nippon Rubber Industry Public Co., Ltd.",11,0.1,"+0.92%","56,801","330,186",3.3e+12,"N/A",NA
"TNP.BK","Thanapiriya Public Company Limited",4.12,-0.04,"-0.96%","250,441","491,700",3.296e+12,"20.60",NA
"UPA.BK","United Power of Asia Public Company Limited",0.25,0,"0.00%","23.829M","61.088M",3.283e+12,"N/A",NA
"SICT.BK","Silicon Craft Technology Public Company Limited",8.2,0,"0.00%","355,420","1.965M",3.28e+12,"37.27",NA
"APCS.BK","Asia Precision Public Company Limited",4.9,0.22,"+4.70%","264,900","103,752",3.234e+12,"30.63",NA
"STI.BK","Stonehenge Inter Public Company Limited",5.35,0.15,"+2.88%","1.053M","1.206M",3.226e+12,"23.26",NA
"CGH.BK","Country Group Holdings Public Company Limited",0.8,0,"0.00%","2.181M","5.886M",3.204e+12,"26.67",NA
"UAC.BK","UAC Global Public Company Limited",4.78,-0.02,"-0.42%","321,701","431,196",3.191e+12,"22.76",NA
"ROH.BK","Royal Orchid Hotel (Thailand) Public Company Limited",3.38,0,"0.00%","132,500","73,554",3.174e+12,"N/A",NA
"NEWS.BK","News Network Corporation Public Company Limited",0.03,0,"0.00%","21.362M","73.165M",3.17e+12,"N/A",NA
"S11.BK","S 11 Group Public Company Limited",5.15,-0.05,"-0.96%","42,102","167,972",3.157e+12,"8.73",NA
"BIOTEC.BK","Bio Green Energy Tech Public Company Limited",1.03,0.03,"+3.00%","86.851M","24.729M",3.134e+12,"4.90",NA
"SPRIME.BK","S Prime Growth Leasehold Real Estate Investment Trust",7,0,"0.00%","1.095M","121,442",3.127e+12,"8.43",NA
"GROREIT.BK","Grande Royal Orchid Hospitality Real Estate Investment Trust with Buy-Back Condition",9.85,0.1,"+1.03%","316","33,808",3.103e+12,"25.92",NA
"SRICHA.BK","Sriracha Construction Public Company Limited",10,-0.1,"-0.99%","102,611","360,055",3.099e+12,"N/A",NA
"NVD.BK","Nirvana Daii Public Company Limited",1.99,0,"0.00%","336,100","424,808",3.091e+12,"4.52",NA
"KBS.BK","Khonburi Sugar Public Company Limited",5.15,-0.1,"-1.90%","506,702","1.031M",3.09e+12,"6.44",NA
"RML.BK","Raimon Land Public Company Limited",0.74,0,"0.00%","1.75M","2.746M",3.088e+12,"N/A",NA
"MK.BK","M.K. Real Estate Development Public Company Limited",2.8,0,"0.00%","53,333","59,373",3.055e+12,"N/A",NA
"MFC.BK","MFC Asset Management Public Company Limited",24.3,-0.2,"-0.82%","36,515","23,759",3.052e+12,"12.86",NA
"APCO.BK","Asian Phytoceuticals Public Company Limited",5.05,-0.05,"-0.98%","46,441","110,349",3.03e+12,"42.08",NA
"TTCL.BK","TTCL Public Company Limited",4.9,0.02,"+0.41%","1.316M","2.662M",3.018e+12,"4.80",NA
"SYNTEC.BK","Syntec Construction Public Company Limited",1.89,-0.02,"-1.05%","1.77M","1.614M",3.007e+12,"N/A",NA
"TTT.BK","Toray Textiles (Thailand) Public Company Limited",51.75,-0.75,"-1.43%","1,701","1,143",2.993e+12,"67.21",NA
"SUN.BK","Sunsweet Public Company Limited",4.64,-0.04,"-0.85%","571,013","539,575",2.993e+12,"19.33",NA
"NSI.BK","Nam Seng Insurance Public Company Limited",213,0,"0.00%","31,171","28,468",2.961e+12,"26.36",NA
"TPCH.BK","TPC Power Holding Public Company Limited",7.35,-0.05,"-0.68%","2.468M","336,895",2.949e+12,"22.97",NA
"IMH.BK","Intermedical Care and Lab Hospital Public Company Limited",13.7,0.2,"+1.48%","374,101","722,567",2.932e+12,"8.15",NA
"AMA.BK","Ama Marine Public Company Limited",5.65,-0.05,"-0.88%","240,000","1.107M",2.926e+12,"9.58",NA
"SWC.BK","Sherwood Corporation (Thailand) Public Company Limited",6.45,-0.1,"-1.53%","37,000","59,660",2.924e+12,"43.00",NA
"SEAFCO.BK","Seafco Public Company Limited",3.94,-0.06,"-1.50%","1.11M","987,668",2.914e+12,"N/A",NA
"TSTE.BK","Thai Sugar Terminal Public Company Limited",7.6,0,"0.00%","17,254","6,182",2.913e+12,"17.67",NA
"SEAOIL.BK","Sea Oil Public Company Limited",4.16,-0.02,"-0.48%","250,093","2.957M",2.882e+12,"6.40",NA
"UOBKH.BK","UOB Kay Hian Securities (Thailand) Public Company Limited",5.7,0,"0.00%","98,401","43,065",2.864e+12,"11.18",NA
"BJCHI.BK","BJC Heavy Industries Public Company Limited",1.75,-0.01,"-0.57%","377,500","849,798",2.799e+12,"15.91",NA
"MORE.BK","More Return Public Company Limited",0.39,-0.01,"-2.50%","32.139M","109.122M",2.799e+12,"2.17",NA
"CHOW.BK","Chow Steel Industries Public Company Limited",3.48,0.02,"+0.58%","107,600","1.106M",2.784e+12,"2.47",NA
"SFLEX.BK","Starflex Public Company Limited",3.4,-0.02,"-0.58%","3.376M","1.263M",2.782e+12,"56.67",NA
"PJW.BK","Panjawattana Plastic Public Company Limited",4.5,0.16,"+3.69%","10.395M","14.628M",2.762e+12,"23.68",NA
"IRC.BK","Inoue Rubber (Thailand) Public Company Limited",14.3,0,"0.00%","51,408","19,175",2.749e+12,"25.09",NA
"ZIGA.BK","Ziga Innovation Public Company Limited",3.84,-0.08,"-2.04%","14.362M","22.809M",2.712e+12,"21.33",NA
"BR.BK","Bangkok Ranch Public Company Limited",2.96,-0.04,"-1.33%","1.639M","1.636M",2.704e+12,"10.21",NA
"SFP.BK","Siam Food Products Public Company Limited",128.5,-0.5,"-0.39%","200","108",2.699e+12,"14.23",NA
"MUD.BK","Mud & Hound Public Company Limited",2.56,0.04,"+1.59%","11,800","168,834",2.697e+12,"N/A",NA
"TQR.BK","TQR Public Company Limited",11.7,0,"0.00%","9,700","60,147",2.691e+12,"37.74",NA
"AHC.BK","Aikchol Hospital Public Company Limited",17.9,0,"0.00%","4,600","26,903",2.683e+12,"8.99",NA
"KTBSTMR.BK","KTBST Mixed Freehold and Leasehold Real Estate Investment Trust",8.9,0.1,"+1.14%","2,218","23,936",2.683e+12,"N/A",NA
"SMIT.BK","Sahamit Machinery Public Company Limited",5,0,"0.00%","199,019","187,437",2.65e+12,"9.62",NA
"ALT.BK","ALT Telecom Public Company Limited",2.34,0,"0.00%","184,300","696,332",2.649e+12,"N/A",NA
"INSET.BK","Infraset Public Company Limited",3.52,0.06,"+1.73%","3.809M","4.486M",2.641e+12,"29.33",NA
"PREB.BK","Pre-Built Public Company Limited",8.55,0,"0.00%","72,600","249,713",2.639e+12,"6.38",NA
"BIZ.BK","Business Alignment Public Company Limited",4.38,-0.02,"-0.45%","46,000","174,213",2.631e+12,"15.64",NA
"PEACE.BK","Peace & Living Public Company Limited",5.2,0.05,"+0.97%","140,605","643,095",2.621e+12,"13.33",NA
"PACO.BK","President Automobile Industries Public Company Limited",2.62,-0.02,"-0.76%","100,736","1.67M",2.62e+12,"29.11",NA
"SCN.BK","Scan Inter Public Company Limited",2.18,0,"0.00%","4.287M","2.422M",2.616e+12,"7.27",NA
"PAP.BK","Pacific Pipe Public Company Limited",3.96,0,"0.00%","196,800","140,698",2.614e+12,"8.25",NA
"TAKUNI.BK","Takuni Group Public Company Limited",3.26,-0.06,"-1.81%","7.253M","16.08M",2.608e+12,"25.08",NA
"BIS.BK","Bio Science Animal Health Public Company Limited",8.3,0.15,"+1.84%","238,200","443,883",2.606e+12,"41.50",NA
"SYMC.BK","Symphony Communication Public Company Limited",6,-0.05,"-0.83%","4,149","28,131",2.602e+12,"17.65",NA
"INET.BK","Internet Thailand Public Company Limited",5.2,0,"0.00%","1.634M","1.278M",2.6e+12,"19.26",NA
"BM.BK","Bangkok Sheet Metal Public Company Limited",5,0.06,"+1.21%","4.608M","4.852M",2.592e+12,"45.45",NA
"THREL.BK","Thaire Life Assurance Public Company Limited",4.32,-0.06,"-1.37%","402,956","788,213",2.592e+12,"17.28",NA
"GIFT.BK","Gratitude Infinite Public Company Limited",7.8,0,"0.00%","265,703","1.602M",2.58e+12,"N/A",NA
"DTCENT.BK","D.T.C. Enterprise Public Company Limited",2.12,-0.02,"-0.93%","7.144M","26.585M",2.555e+12,"26.50",NA
"BIG.BK","Big Camera Corporation Public Company Limited",0.72,-0.01,"-1.37%","1.833M","1.478M",2.541e+12,"36.00",NA
"CFRESH.BK","Seafresh Industry Public Company Limited",2.74,-0.04,"-1.44%","1.628M","2.485M",2.54e+12,"8.56",NA
"BKD.BK","Buakaew Income Fund",2.36,0,"0.00%","52,700","388,052",2.54e+12,"27.44",NA
"PPF.BK","Pinthong Industrial Park Property Fund",11.3,0,"0.00%","2,000","8,045",2.537e+12,"14.25",NA
"CSC.BK","Crown Seal Public Company Limited",48.75,0,"0.00%","1,600","7,760",2.535e+12,"10.91",NA
"VRANDA.BK","Veranda Resort Public Company Limited",7.9,0.1,"+1.28%","285,500","775,116",2.525e+12,"N/A",NA
"SM.BK","Star Money Public Company Limited",2.28,0.12,"+5.56%","79.762M","120.529M",2.508e+12,"20.73",NA
"DCON.BK","Dcon Products Public Company Limited",0.46,0.02,"+4.55%","13.211M","4.178M",2.478e+12,"23.00",NA
"ASIA.BK","Asia Hotel Public Company Limited",7.7,-0.15,"-1.91%","17,700","9,314",2.464e+12,"N/A",NA
"MODERN.BK","Modernform Group Public Company Limited",3.28,-0.06,"-1.80%","167,319","119,693",2.46e+12,"65.60",NA
"ALPHAX.BK","Alpha Divisions Public Company Limited",1.28,-0.04,"-3.03%","6.115M","2.557M",2.45e+12,"N/A",NA
"GC.BK","Global Connections Public Company Limited",5.55,0,"0.00%","16,523","81,598",2.442e+12,"14.23",NA
"TSR.BK","Thiensurat Public Company Limited",4.44,0.02,"+0.45%","9.914M","5.335M",2.439e+12,"34.15",NA
"ICN.BK","Information and Communication Networks Public Company Limited",3.94,0.02,"+0.51%","3.439M","1.994M",2.435e+12,"21.89",NA
"WPH.BK","Wattanapat Hospital Trang Public Company Limited",4.04,-0.02,"-0.49%","794,111","3.474M",2.424e+12,"7.77",NA
"CPW.BK","Copperwired Public Company Limited",4.04,-0.02,"-0.49%","57,257","478,308",2.424e+12,"25.25",NA
"TH.BK","Tong Hua Holding Public Company Limited",2.42,-0.06,"-2.42%","8.899M","37.537M",2.416e+12,"11.00",NA
"AMR.BK","AMR Asia Public Company Limited",4.02,0.02,"+0.50%","130,401","500,222",2.392e+12,"33.50",NA
"PROSPECT.BK","Prospect Logistics and Industrial Freehold and Leasehold Real Estate Investment Trust",9.75,-0.05,"-0.51%","529,500","65,000",2.389e+12,"10.96",NA
"KGEN.BK","King Gen Public Company Limited",2.12,0.02,"+0.95%","1.966M","3.237M",2.384e+12,"N/A",NA
"ASAP.BK","Synergetic Auto Performance Public Company Limited",3.28,-0.06,"-1.80%","578,315","1.096M",2.381e+12,"N/A",NA
"AMATAR.BK","Amata Summit Growth Freehold and Leasehold Real Estate Investment Trust",6.65,-0.05,"-0.75%","481,902","78,775",2.38e+12,"12.79",NA
"CTW.BK","Charoong Thai Wire and Cable Public Company Limited",5.95,-0.05,"-0.83%","19,205","62,018",2.368e+12,"N/A",NA
"SVT.BK","Sun Vending Technology Public Company Limited",3.38,-0.02,"-0.59%","718,516","3.46M",2.366e+12,"33.80",NA
"TFI.BK","Thai Film Industries Public Company Limited",0.14,-0.01,"-6.67%","1.659M","3.605M",2.356e+12,"N/A",NA
"WP.BK","WP Energy Public Company Limited",4.54,0.04,"+0.89%","27,176","67,750",2.354e+12,"26.71",NA
"JKN.BK","JKN Global Group Public Company Limited",3.14,-0.08,"-2.48%","15.955M","42.25M",2.325e+12,"13.65",NA
"GEL.BK","General Engineering Public Company Limited",0.33,0,"0.00%","26.886M","20.187M",2.323e+12,"N/A",NA
"CV.BK","Clover Power Public Company Limited",1.79,-0.02,"-1.10%","3.374M","6.649M",2.291e+12,"25.57",NA
"ECL.BK","Eastern Commercial Leasing Public Company Limited",2.06,-0.04,"-1.90%","2.994M","14.504M",2.284e+12,"11.44",NA
"SPVI.BK","S P V I Public Company Limited",5.7,-0.15,"-2.56%","1.081M","1.617M",2.28e+12,"15.83",NA
"WFX.BK","World Flex Public Company Limited",4.9,0.04,"+0.82%","707,333","1.163M",2.275e+12,"5.44",NA
"SSF.BK","Surapon Foods Public Company Limited",8.4,0,"0.00%","1,111","3,662",2.268e+12,"17.14",NA
"CPANEL.BK","CPanel Public Company Limited",11.5,-0.9,"-7.26%","2.538M","1.102M",2.265e+12,"30.26",NA
"INSURE.BK","Indara Insurance Public Company Limited",226,0,"0.00%","200","1,719",2.26e+12,"3.03",NA
"HPF.BK","Hemaraj Industrial Property and Leasehold Fund",4.76,0,"0.00%","28,100","43,110",2.237e+12,"11.93",NA
"LHPF.BK","Land and Houses Freehold and Leasehold Property Fund",6.75,0.1,"+1.50%","101,605","43,954",2.228e+12,"8.04",NA
"TPCS.BK","TPCS Public Company Limited",20.6,0,"0.00%","100","3,140",2.225e+12,"8.55",NA
"QHHR.BK","Quality Houses Hotel and Residence Freehold and Leasehold Property Fund",6.6,0.2,"+3.12%","191,300","120,090",2.218e+12,"N/A",NA
"SQ.BK","Sahakol Equipment Public Company Limited",1.92,-0.01,"-0.52%","434,155","714,904",2.206e+12,"8.00",NA
"KCAR.BK","Krungthai Car Rent and Lease Public Company Limited",8.8,-0.1,"-1.12%","71,807","103,277",2.2e+12,"9.89",NA
"LEE.BK","Lee Feed Mill Public Company Limited",2.38,-0.04,"-1.65%","60,502","125,340",2.195e+12,"29.75",NA
"SONIC.BK","Sonic Interfreight Public Company Limited",2.88,-0.02,"-0.69%","773,119","2.053M",2.187e+12,"6.70",NA
"NWR.BK","Nawarat Patanakarn Public Company Limited",0.84,0,"0.00%","7.552M","5.464M",2.172e+12,"N/A",NA
"IT.BK","IT City Public Company Limited",5.9,-0.25,"-4.07%","1.962M","912,285",2.162e+12,"17.35",NA
"MDX.BK","MDX Public Company Limited",4.52,-0.08,"-1.74%","13,000","106,877",2.15e+12,"13.29",NA
"GRAND.BK","Grande Asset Hotels and Property Public Company Limited",0.23,0,"0.00%","1.131M","24.471M",2.148e+12,"N/A",NA
"SRIPANWA.BK","Sri panwa Hospitality Real Estate Investment Trust",7.65,-0.2,"-2.55%","132,000","17,893",2.135e+12,"10.34",NA
"SFT.BK","Shrinkflex (Thailand) Public Company Limited",4.84,0,"0.00%","46,000","86,970",2.13e+12,"28.47",NA
"HYDROGEN.BK","HYDROGEN Freehold And Leasehold Real Estate Investment Trust",10.2,0,"0.00%","661,900","437,223",2.119e+12,"N/A",NA
"UPOIC.BK","United Palm Oil Industry Public Company Limited",6.5,0,"0.00%","4,425","51,378",2.106e+12,"6.25",NA
"SAAM.BK","SAAM Development Public Company Limited",7,-0.05,"-0.71%","2.368M","385,604",2.1e+12,"29.17",NA
"PROEN.BK","PROEN Corp Public Company Limited",6.55,0.05,"+0.77%","8.195M","7.606M",2.076e+12,"36.39",NA
"CIVIL.BK","Civil Engineering Public Company Limited",2.96,-0.02,"-0.67%","827,405","1.734M",2.072e+12,"10.96",NA
"ADD.BK","AddTech Hub Public Company Limited",12.9,0.5,"+4.03%","797,228","610,757",2.064e+12,"28.67",NA
"TPBI.BK","TPBI Public Company Limited",4.92,-0.06,"-1.20%","565,600","1.891M",2.051e+12,"12.62",NA
"CEN.BK","Capital Engineering Network Public Company Limited",2.82,0,"0.00%","16,500","45,824",2.041e+12,"47.00",NA
"JDF.BK","JD Food Public Company Limited",3.38,0.02,"+0.60%","2.895M","2.292M",2.028e+12,"44.47",NA
"SMD.BK","Saintmed Public Company Limited",9,0,"0.00%","263,527","530,552",2.022e+12,"5.92",NA
"TRITN.BK","Triton Holding Public Company Limited",0.18,0,"0.00%","3.968M","25.038M",2.003e+12,"N/A",NA
"DOD.BK","DOD Biotech Public Company Limited",4.88,-0.12,"-2.40%","2.572M","1.113M",2.001e+12,"37.54",NA
"UMS.BK","Unique Mining Services Public Company Limited",1.74,-0.04,"-2.25%","10,200","236,444",1.993e+12,"N/A",NA
"SSSC.BK","Siam Steel Service Center Public Company Limited",3.1,0.02,"+0.65%","227,914","85,401",1.984e+12,"7.56",NA
"PDJ.BK","Pranda Jewelry Public Company Limited",3.68,-0.1,"-2.65%","5.708M","8.732M",1.984e+12,"9.95",NA
"SDC.BK","Samart Digital Public Company Limited",0.14,0,"0.00%","9.239M","33.393M",1.982e+12,"N/A",NA
"PT.BK","Premier Technology Public Company Limited",6.95,0.05,"+0.72%","383,305","403,740",1.973e+12,"14.48",NA
"IHL.BK","Interhides Public Company Limited",3.32,-0.02,"-0.60%","232,501","125,500",1.968e+12,"15.09",NA
"NCH.BK","N.C. Housing Public Company Limited",1.58,-0.02,"-1.25%","1.139M","3.662M",1.968e+12,"5.45",NA
"MJLF.BK","Major Cineplex Lifestyle Leasehold Property Fund.",5.95,0.05,"+0.85%","62,303","63,795",1.963e+12,"5.89",NA
"D.BK","Dental Corporation Public Company Limited",6.5,0,"0.00%","2.305M","2.155M",1.963e+12,"59.09",NA
"ARROW.BK","Arrow Syndicate Public Company Limited",7.6,0,"0.00%","25,000","29,103",1.952e+12,"31.67",NA
"PIMO.BK","Pioneer Motor Public Company Limited",2.9,0.06,"+2.11%","3.645M","2.869M",1.951e+12,"17.06",NA
"FN.BK","FN Factory Outlet Public Company Limited",1.95,0,"0.00%","27,300","154,431",1.95e+12,"N/A",NA
"UREKA.BK","Eureka Design Public Company Limited",1.09,0.01,"+0.93%","14.438M","24.977M",1.947e+12,"15.57",NA
"DPAINT.BK","Delta Paint Public Company Limited",11,0.6,"+5.77%","3.335M","2.224M",1.944e+12,"40.74",NA
"CPI.BK","Chumporn Palm Oil Industry Public Company Limited",3.06,0.02,"+0.66%","573,866","969,029",1.936e+12,"5.77",NA
"AF.BK","AIRA Factoring Public Company Limited",1.21,0.02,"+1.68%","1.847M","664,724",1.936e+12,"40.33",NA
"MPIC.BK","M Pictures Entertainment Public Company Limited",1.48,-0.02,"-1.33%","226,501","933,840",1.924e+12,"49.33",NA
"FSS.BK","Finansia Syrus Securities Public Company Limited",3.3,-0.04,"-1.20%","685,019","581,691",1.919e+12,"9.43",NA
"UKEM.BK","Union Petrochemical Public Company Limited",1.65,-0.03,"-1.79%","29.263M","6.689M",1.917e+12,"82.50",NA
"LHK.BK","Lohakit Metal Public Company Limited",5,-0.05,"-0.99%","120,076","364,844",1.915e+12,"10.87",NA
"CMAN.BK","Chememan Public Company Limited",1.99,-0.01,"-0.50%","487,700","1.468M",1.91e+12,"14.21",NA
"2S.BK","2S Metal Public Company Limited",3.44,-0.06,"-1.71%","70,117","196,850",1.892e+12,"9.05",NA
"ASEFA.BK","Asefa Public Company Limited",3.46,-0.02,"-0.57%","123,700","235,322",1.888e+12,"18.21",NA
"RSP.BK","Rich Sport Public Company Limited",2.54,-0.04,"-1.55%","242,502","1.036M",1.887e+12,"21.17",NA
"AQ.BK","AQ Estate Public Company Limited",0.02,0,"0.00%","13.473M","72.233M",1.874e+12,"N/A",NA
"NOVA.BK","Nova Empire Public Company Limited",11,0,"0.00%","13,900","35,344",1.869e+12,"17.74",NA
"SORKON.BK","S. Khonkaen Foods Public Company Limited",5.75,0,"0.00%","540,902","351,716",1.86e+12,"14.02",NA
"WINMED.BK","Winnergy Medical Public Company Limited",4.62,0.04,"+0.87%","201,221","172,357",1.848e+12,"28.88",NA
"TMC.BK","T.M.C. Industrial Public Company Limited",4,0.16,"+4.17%","60.16M","16.893M",1.835e+12,"26.67",NA
"KDH.BK","Thonburi Medical Centre Public Company Limited",94.5,0,"0.00%","3,001","1,786",1.832e+12,"20.41",NA
"SELIC.BK","Selic Corp Public Company Limited",3.06,-0.06,"-1.92%","6.078M","3.166M",1.809e+12,"27.82",NA
"ESTAR.BK","Eastern Star Real Estate Public Company Limited",0.36,0,"0.00%","511,000","1.595M",1.808e+12,"18.00",NA
"CSS.BK","Communication & System Solution Public Company Limited",1.53,-0.01,"-0.65%","410,400","869,370",1.799e+12,"7.29",NA
"SVOA.BK","SVOA Public Company Limited",2.54,-0.06,"-2.31%","638,471","1.606M",1.796e+12,"15.88",NA
"SALEE.BK","Salee Industry Public Company Limited",1.17,0,"0.00%","1.522M","6.632M",1.779e+12,"19.50",NA
"CMO.BK","CMO Public Company Limited",6.3,-0.05,"-0.79%","5.366M","2.407M",1.77e+12,"N/A",NA
"VL.BK","V.L. Enterprise Public Company Limited",1.64,-0.08,"-4.65%","71.239M","19.271M",1.768e+12,"82.00",NA
"WHABT.BK","WHA Business Complex Freehold and Leasehold Real Estate Investment Trust",8.75,0,"0.00%","12,700","9,470",1.768e+12,"9.62",NA
"NV.BK","Nova Organic Public Company Limited",2.94,0.04,"+1.38%","1.406M","1.27M",1.764e+12,"294.00",NA
"BROCK.BK","Baan Rock Garden Public Company Limited",1.7,-0.09,"-5.03%","38,902","62,639",1.743e+12,"56.67",NA
"FE.BK","Far East Fame Line DDB Public Company Limited",220,0,"0.00%","2","18",1.731e+12,"39.71",NA
"CNT.BK","Christiani & Nielsen (Thai) Public Company Limited",1.68,-0.04,"-2.33%","1.877M","1.133M",1.727e+12,"N/A",NA
"CWT.BK","Chai Watana Tannery Group Public Company Limited",2.74,-0.02,"-0.72%","1.284M","3.783M",1.726e+12,"7.41",NA
"EE.BK","Eternal Energy Public Company Limited",0.62,0,"0.00%","911,977","8.553M",1.724e+12,"15.50",NA
"KJL.BK","Kijcharoen Engineering Electric Public Company Limited",14.8,0,"0.00%","221,500","11.138M",1.717e+12,"13.83",NA
"ECF.BK","East Coast Furnitech Public Company Limited",1.78,0,"0.00%","1.37M","15.245M",1.708e+12,"35.60",NA
"ACC.BK","Advanced Connection Corporation Public Company Limited",1.27,-0.03,"-2.31%","13.77M","5.489M",1.706e+12,"9.77",NA
"THE.BK","The Steel Public Company Limited",1.54,-0.01,"-0.65%","115,700","193,814",1.697e+12,"12.83",NA
"CTARAF.BK","Centara Hotels and Resorts Leasehold Property Fund",5.3,0,"0.00%","13,100","50,831",1.696e+12,"14.72",NA
"TYCN.BK","Tycoons Worldwide Group (Thailand) Public Company Limited",2.82,-0.02,"-0.70%","59,300","48,783",1.683e+12,"14.10",NA
"JSP.BK","JSP Pharmaceutical Manufacturing (Thailand) Public Co., Ltd.",3.68,-0.1,"-2.65%","2.114M","0",1.674e+12,"N/A",NA
"VCOM.BK","Vintcom Technology Public Company Limited",5.4,0,"0.00%","101,900","211,349",1.658e+12,"13.85",NA
"SECURE.BK","nForce Secure Public Company Limited",15.9,-0.1,"-0.63%","157,700","226,881",1.634e+12,"46.76",NA
"TAE.BK","Thai Agro Energy Public Company Limited",1.62,-0.02,"-1.22%","188,988","269,363",1.62e+12,"N/A",NA
"KUN.BK","Villa Kunalai Public Company Limited",2.36,-0.04,"-1.67%","502,602","510,627",1.62e+12,"11.80",NA
"QTC.BK","QTC Energy Public Company Limited",4.68,0,"0.00%","425,001","65,291",1.596e+12,"29.25",NA
"PPPM.BK","PP PRIME Public Company Limited",0.15,-0.01,"-6.25%","71.157M","24.68M",1.593e+12,"3.00",NA
"B52.BK","B-52 Capital Public Company Limited",2.16,-0.02,"-0.92%","77,002","225,619",1.593e+12,"N/A",NA
"PL.BK","Phatra Leasing Public Company Limited",2.66,0,"0.00%","64,201","63,178",1.587e+12,"12.09",NA
"MTW.BK","Maketowin Holding Public Company Limited",4.7,0.26,"+5.86%","6.235M","43.186M",1.584e+12,"67.14",NA
"STECH.BK","Siam Technic Concrete Public Company Limited",2.18,0.08,"+3.81%","664,000","348,972",1.581e+12,"21.80",NA
"TNITY.BK","Trinity Watthana Public Company Limited",7.35,-0.1,"-1.34%","278,293","457,952",1.576e+12,"8.08",NA
"TMILL.BK","T S Flour Mill Public Company Limited",3.92,0.02,"+0.51%","74,300","122,198",1.563e+12,"15.68",NA
"RT.BK","Right Tunnelling Public Company Limited",1.4,0,"0.00%","4.011M","2.142M",1.562e+12,"N/A",NA
"TRUBB.BK","Thai Rubber Latex Group Public Company Limited",1.91,-0.01,"-0.52%","1.347M","2.323M",1.562e+12,"2.89",NA
"MGT.BK","Megachem (Thailand) Public Company Limited",3.9,0.2,"+5.41%","7.883M","494,811",1.56e+12,"16.25",NA
"YUASA.BK","Yuasa Battery (Thailand) Public Company Limited",14.4,0,"0.00%","20,403","73,385",1.55e+12,"14.69",NA
"WIIK.BK","WIIK Public Company Limited",1.84,0.02,"+1.10%","288,708","222,427",1.541e+12,"23.00",NA
"CMC.BK","Chaoprayamahanakorn Public Company Limited",1.49,0,"0.00%","81,600","174,362",1.533e+12,"N/A",NA
"MATCH.BK","Matching Maximize Solution Public Company Limited",1.96,0.03,"+1.55%","15,500","205,095",1.532e+12,"N/A",NA
"NCL.BK","NCL International Logistics Public Company Limited",2.9,-0.3,"-9.37%","14.145M","2.737M",1.532e+12,"41.43",NA
"TMW.BK","Thai Mitsuwa Public Company Limited",38.25,0.25,"+0.66%","16,800","8,008",1.526e+12,"12.14",NA
"FMT.BK","Fine Metal Technologies Public Company Limited",31.75,0.25,"+0.79%","1,303","3,581",1.524e+12,"11.80",NA
"YONG.BK","Yong Concrete Public Company Limited",2.24,-0.08,"-3.45%","14.38M","9.515M",1.523e+12,"17.23",NA
"SIMAT.BK","Simat Technologies Public Company Limited",2.34,-0.02,"-0.85%","1.296M","1.736M",1.518e+12,"23.40",NA
"KIAT.BK","Kiattana Transport Public Company Limited",0.49,0,"0.00%","2.129M","2.011M",1.514e+12,"16.33",NA
"LUXF.BK","Luxury Real Estate Investment Fund",7.7,0.1,"+1.32%","70,100","13,552",1.513e+12,"23.77",NA
"KWC.BK","Krungdhep Sophon Public Company Limited",252,0,"0.00%","5,101","221",1.512e+12,"17.03",NA
"IFS.BK","IFS Capital (Thailand) Public Company Limited",3.04,0,"0.00%","234,000","331,395",1.5e+12,"9.21",NA
"HEMP.BK","Health Empire Corporation Public Company Limited",3.92,0,"0.00%","386,743","455,001",1.499e+12,"N/A",NA
"WINNER.BK","Winner Group Enterprise Public Company Limited",2.48,0,"0.00%","117,115","351,226",1.488e+12,"11.81",NA
"AIMCG.BK","AIM Commercial Growth Freehold And Leasehold Real Estate Investment Trust",5.15,0,"0.00%","425,200","91,290",1.483e+12,"N/A",NA
"MATI.BK","Matichon Public Company Limited",8,0.15,"+1.91%","203","2,821",1.483e+12,"19.05",NA
"PATO.BK","Pato Chemical Industry Public Company Limited",10.4,0,"0.00%","16,800","16,900",1.481e+12,"23.64",NA
"STOWER.BK","Sky Tower Public Company Limited",0.04,0,"0.00%","9.311M","18.775M",1.479e+12,"N/A",NA
"GAHREIT.BK","Grande Hospitality Real Estate Investment Trust",8.4,-0.2,"-2.33%","4,100","16,539",1.474e+12,"140.00",NA
"W.BK","Wow Factor Public Company Limited",1.8,0,"0.00%","747,900","5.715M",1.465e+12,"N/A",NA
"MJD.BK","Major Development Public Company Limited",1.7,0,"0.00%","179,404","314,165",1.463e+12,"N/A",NA
"TTI.BK","Thai Textile Industry Public Company Limited",29.25,-0.75,"-2.50%","200","190",1.462e+12,"10.34",NA
"SCP.BK","Southern Concrete Pile Public Company Limited",5.05,0,"0.00%","117,906","85,675",1.426e+12,"21.96",NA
"AMC.BK","Asia Metal Public Company Limited",2.96,-0.04,"-1.33%","354,911","314,783",1.421e+12,"13.45",NA
"STP.BK","Sahathai Printing & Packaging Public Company Limited",14.2,-0.1,"-0.70%","188,100","574,078",1.42e+12,"N/A",NA
"B.BK","Begistics Public Company Limited",0.41,0,"0.00%","10.795M","7.567M",1.419e+12,"13.67",NA
"CPL.BK","CPL Group Public Company Limited",3.22,0.04,"+1.26%","8.615M","2.885M",1.416e+12,"29.27",NA
"CPH.BK","Castle Peak Holdings Public Company Limited",35.25,0.25,"+0.71%","1.312M","1.658M",1.41e+12,"5.18",NA
"TCMC.BK","TCM Corporation Public Company Limited",1.84,0.11,"+6.36%","7.763M","1.331M",1.404e+12,"N/A",NA
"AKR.BK","Ekarat Engineering Public Company Limited",0.95,0.02,"+2.15%","3.379M","1.803M",1.398e+12,"11.88",NA
"TWZ.BK","TWZ Corporation Public Company Limited",0.07,0,"0.00%","17.78M","23.93M",1.39e+12,"N/A",NA
"WAVE.BK","Wave Entertainment Public Company Limited",0.16,-0.01,"-5.88%","121.32M","133.856M",1.382e+12,"N/A",NA
"GYT.BK","Goodyear (Thailand) Public Company Limited",186.5,1.5,"+0.81%","600","814",1.38e+12,"N/A",NA
"CSR.BK","City Sports and Recreation Public Company Limited",67.25,-0.5,"-0.74%","700","490",1.379e+12,"37.57",NA
"CRANE.BK","Chukai Public Company Limited",1.81,-0.08,"-4.23%","25.048M","12.647M",1.372e+12,"N/A",NA
"RPC.BK","RPCG Public Company Limited",1.05,-0.01,"-0.94%","1.469M","2.184M",1.37e+12,"2.06",NA
"TVDH.BK","TVD Holdings Public Company Limited",0.8,0,"0.00%","2.966M","3.879M",1.369e+12,"N/A",NA
"TLHPF.BK","Thailand Hospitality Property Fund",7.95,-0.15,"-1.85%","6,100","6,978",1.367e+12,"14.12",NA
"EFORL.BK","E for L Aim Public Company Limited",0.34,-0.01,"-2.86%","5.263M","13.173M",1.359e+12,"N/A",NA
"MENA.BK","Mena Transport Public Company Limited",1.85,-0.02,"-1.07%","3.549M","4.498M",1.358e+12,"30.83",NA
"EMC.BK","EMC Public Company Limited",0.16,0,"0.00%","3.642M","7.558M",1.349e+12,"N/A",NA
"UMI.BK","The Union Mosaic Industry Public Company Limited",1.6,0,"0.00%","6.804M","3.156M",1.338e+12,"12.31",NA
"HARN.BK","Harn Engineering Solutions Public Company Limited",2.28,0.02,"+0.88%","240,600","161,695",1.333e+12,"15.20",NA
"CAZ.BK","CAZ (Thailand) Public Company Limited",4.5,-0.06,"-1.32%","2.146M","1.73M",1.323e+12,"6.08",NA
"CPR.BK","CPR Gomu Industrial Public Company Limited",6.6,0.05,"+0.76%","3.053M","1.624M",1.313e+12,"20.62",NA
"KOOL.BK","Masterkool International Public Company Limited",0.53,-0.01,"-1.85%","4.938M","4.5M",1.31e+12,"53.00",NA
"24CS.BK","Twenty - Four Con & Supply Public Company Limited",3.04,-0.02,"-0.65%","1.055M","6.341M",1.307e+12,"43.43",NA
"CEYE.BK","Chamni's Eye Public Company Limited",4.8,0,"0.00%","1.215M","899,636",1.296e+12,"28.24",NA
"RICHY.BK","Richy Place 2002 Public Company Limited",0.81,-0.01,"-1.22%","1.72M","627,980",1.279e+12,"81.00",NA
"CHOTI.BK","Kiang Huat Sea Gull Trading Frozen Food Public Company Limited",170,0,"0.00%","1,900","1,926",1.275e+12,"8.35",NA
"AJA.BK","AJ Advance Technology Public Company Limited",0.24,0,"0.00%","5.207M","8.186M",1.275e+12,"N/A",NA
"PORT.BK","Sahathai Terminal Public Company Limited",2.08,-0.02,"-0.95%","528,620","556,814",1.263e+12,"69.33",NA
"EVER.BK","Everland Public Company Limited",0.26,0,"0.00%","607,121","3.776M",1.262e+12,"N/A",NA
"NKI.BK","The Navakij Insurance Public Company Limited",35,1,"+2.94%","306","865",1.26e+12,"28.69",NA
"M-II.BK","MFC Industrial Investment Property and Leasehold Fund",7.3,0,"0.00%","7,000","10,493",1.256e+12,"11.06",NA
"TCC.BK","Thai Capital Corporation Public Company Limited",0.9,0,"0.00%","2.042M","6.468M",1.253e+12,"6.43",NA
"SUTHA.BK","Golden Lime Public Company Limited",4.14,-0.08,"-1.90%","194,519","701,504",1.253e+12,"14.28",NA
"KTMS.BK","Kt Medical Service Public Company Limited",4.16,0.06,"+1.46%","5.096M","26.227M",1.248e+12,"46.22",NA
"ML.BK","Mida Leasing Public Company Limited",1.16,-0.01,"-0.85%","149,932","408,526",1.235e+12,"14.50",NA
"TGPRO.BK","Thai-German Products Public Company Limited",0.26,0,"0.00%","5.492M","4.935M",1.227e+12,"13.00",NA
"HTECH.BK","Halcyon Technology Public Company Limited",4.08,0,"0.00%","185,627","253,532",1.224e+12,"9.07",NA
"DIMET.BK","Dimet (Siam) Public Company Limited",0.5,0.01,"+2.04%","679,400","4.925M",1.219e+12,"N/A",NA
"FNS.BK","FNS Holdings Public Company Limited",3.52,0.02,"+0.57%","77,916","117,954",1.217e+12,"6.07",NA
"TPS.BK","The Practical Solution Public Company Limited",3.62,0.08,"+2.26%","5.513M","2.02M",1.216e+12,"17.24",NA
"SSPF.BK","Sala @ Sathorn Property Fund",7.2,0.15,"+2.13%","101","7,039",1.202e+12,"38.10",NA
"KWM.BK","K.W. Metal Work Public Company Limited",2.52,-0.04,"-1.56%","2.666M","6.811M",1.198e+12,"31.50",NA
"CCP.BK","Chonburi Concrete Product Public Company Limited",0.43,0,"0.00%","1.459M","1.646M",1.19e+12,"N/A",NA
"TITLE.BK","Rhom Bho Property Public Company Limited",1.64,0,"0.00%","884,801","588,270",1.184e+12,"164.00",NA
"AMARC.BK","Asia Medical and Agricultural Laboratory and Research Center Public Company Limited",2.8,-0.02,"-0.71%","771,112","10.169M",1.176e+12,"35.00",NA
"VPO.BK","Vichitbhan Palmoil Public Company Limited",1.25,-0.01,"-0.79%","367,813","714,581",1.175e+12,"25.00",NA
"SHREIT.BK","Strategic Hospitality Extendable Freehold and Leasehold Real Estate Investment Trust",3.3,-0.02,"-0.60%","200","169,996",1.164e+12,"N/A",NA
"PROUD.BK","Proud Real Estate Public Company Limited",1.8,0,"0.00%","594,200","1.019M",1.155e+12,"60.00",NA
"SPACK.BK","S. Pack & Print Public Company Limited",3.84,-0.04,"-1.03%","1.713M","10.618M",1.152e+12,"76.80",NA
"PTC.BK","Premier Tank Corporation Public Company Limited",2.78,-0.06,"-2.11%","462,234","5.48M",1.14e+12,"11.12",NA
"TMI.BK","Teera-Mongkol Industry Public Company Limited",1.69,0.02,"+1.20%","7.491M","4.232M",1.135e+12,"42.25",NA
"PICO.BK","Pico (Thailand) Public Company Limited",5.25,-0.05,"-0.94%","15,200","15,349",1.13e+12,"58.33",NA
"MIDA.BK","Mida Assets Public Company Limited",0.45,0,"0.00%","170,701","448,132",1.127e+12,"N/A",NA
"UBA.BK","Utility Business Alliance Public Company Limited",1.87,-0.01,"-0.53%","2.898M","40.241M",1.122e+12,"13.36",NA
"SCI.BK","SCI Electric Public Company Limited",1.48,-0.01,"-0.67%","1.159M","1.944M",1.11e+12,"N/A",NA
"CHIC.BK","Chic Republic Public Company Limited",0.81,-0.01,"-1.22%","4.988M","7.534M",1.102e+12,"40.50",NA
"SIAM.BK","Siam Steel International Public Company Limited",1.85,0,"0.00%","826,101","4.425M",1.097e+12,"185.00",NA
"PROS.BK","Prosper Engineering Public Company Limited",2.02,-0.02,"-0.98%","402,471","723,868",1.091e+12,"N/A",NA
"JCT.BK","Jack Chia Industries (Thailand) Public Company Limited",80.5,0,"0.00%","100","681",1.087e+12,"13.90",NA
"BSBM.BK","Bangsaphan Barmill Public Company Limited",0.96,0,"0.00%","442,500","726,967",1.076e+12,"96.00",NA
"GPI.BK","Grand Prix International Public Company Limited",1.79,0,"0.00%","794,600","470,267",1.074e+12,"29.83",NA
"PMTA.BK","PM Thoresen Asia Holdings Public Company Limited",10.5,0.1,"+0.96%","2,600","19,165",1.063e+12,"8.61",NA
"JCK.BK","JCK International Public Company Limited",0.32,0,"0.00%","3.113M","9.004M",1.062e+12,"N/A",NA
"SGF.BK","SGF Capital Public Company Limited",0.81,0.01,"+1.25%","509,900","925,527",1.061e+12,"20.25",NA
"UBIS.BK","Ubis (Asia) Public Company Limited",3.72,-0.02,"-0.53%","527,650","235,454",1.06e+12,"124.00",NA
"MBAX.BK","Multibax Public Company Limited",5.5,-0.05,"-0.90%","654,891","487,072",1.055e+12,"6.96",NA
"CM.BK","Chiangmai Frozen Foods Public Company Limited",2.74,0,"0.00%","89,300","412,083",1.044e+12,"N/A",NA
"BKKCP.BK","Bangkok Commercial Property Fund",10.4,0,"0.00%","10,600","5,962",1.04e+12,"11.82",NA
"PDG.BK","Prodigy Public Company Limited",3.5,0,"0.00%","29,721","33,383",1.04e+12,"19.44",NA
"L&E.BK","Lighting and Equipment Public Company Limited",2.1,0.02,"+0.96%","340,298","177,400",1.033e+12,"N/A",NA
"ATP30.BK","ATP 30 Public Company Limited",1.51,0.04,"+2.72%","5.747M","2.756M",1.03e+12,"25.17",NA
"CHO.BK","Cho Thavee Public Company Limited",0.37,-0.02,"-5.13%","28.198M","9.662M",1.007e+12,"N/A",NA
"GBX.BK","Globlex Holding Management Public Company Limited",0.92,0,"0.00%","358,404","451,583",1.002e+12,"13.14",NA
"SR.BK","Siamraj Public Company Limited",1.48,0,"0.00%","11,100","185,529",1.002e+12,"74.00",NA
"DELTA.BK","Delta Electronics (Thailand) Public Company Limited",862,2,"+0.23%","1.928M","3.744M",1.075e+09,"81.17",NA
"AOT.BK","Airports of Thailand Public Company Limited",74.5,-0.5,"-0.67%","23.255M","23.315M",1.064e+09,"N/A",NA
"KUMWEL.BK","Kumwell Corporation Public Company Limited",2.32,-0.02,"-0.85%","556,100","462,240",997600000,"17.85",NA
"ACG.BK","Autocorp Holding Public Company Limited",1.66,0.03,"+1.84%","960,100","84,637",9.96e+08,"41.50",NA
"MVP.BK","M Vision Public Company Limited",3.2,0.28,"+9.59%","93.893M","2.254M",984925000,"16.00",NA
"GLOCON.BK","Global Consumer Public Company Limited",0.64,0.02,"+3.23%","6.55M","9.48M",984448000,"N/A",NA
"MITSIB.BK","Mitsib Leasing Public Company Limited",1.31,-0.01,"-0.76%","7.662M","8.089M",982990000,"26.20",NA
"TKT.BK","T.Krungthai Industries Public Company Limited",2.8,-0.04,"-1.41%","2.445M","16.09M",982184000,"21.54",NA
"SOLAR.BK","Solartron Public Company Limited",0.9,-0.01,"-1.10%","1.656M","2.998M",979425000,"N/A",NA
"COLOR.BK","Salee Colour Public Company Limited",1.66,0,"0.00%","759,202","213,144",977682000,"18.44",NA
"CHEWA.BK","Chewathai Public Company Limited",0.76,-0.01,"-1.30%","386,211","743,345",969023000,"7.60",NA
"GREEN.BK","Green Resources Public Company Limited",1.18,0.01,"+0.85%","402,400","682,316",965270000,"118.00",NA
"AKP.BK","Akkhie Prakarn Public Company Limited",2.38,-0.02,"-0.83%","7.885M","3.158M",961520000,"26.44",NA
"PERM.BK","Permsin Steel Works Public Company Limited",1.25,-0.01,"-0.79%","1.162M","1.731M",958324000,"6.94",NA
"PPM.BK","Porn Prom Metal Public Company Limited",2.26,0.04,"+1.80%","104,100","648,654",953720000,"75.33",NA
"PK.BK","Patkol Public Company Limited",1.83,0,"0.00%","9,200","162,947",952983000,"18.30",NA
"FTE.BK","Firetrade Engineering Public Company Limited",1.43,0.02,"+1.42%","498,998","176,513",943800000,"23.83",NA
"PLE.BK","Power Line Engineering Public Company Limited",0.69,0,"0.00%","304,300","657,950",939656000,"69.00",NA
"FTI.BK","Function International Public Company Limited",2.08,-0.02,"-0.95%","214,840","497,418",9.36e+08,"26.00",NA
"SAMCO.BK","Sammakorn Public Company Limited",1.45,0.01,"+0.69%","965,356","347,547",930610000,"29.00",NA
"ADB.BK","Applied DB Public Company Limited",1.28,-0.01,"-0.78%","463,601","417,293",929280000,"N/A",NA
"TEKA.BK","Teka Construction Public Company Limited",3.08,0.02,"+0.65%","289,900","1.127M",9.24e+08,"7.16",NA
"SSTRT.BK","Sub Sri Thai Real Estate Investment Trust",5.65,0,"0.00%","74,500","75,486",914063000,"10.66",NA
"SAM.BK","Samchai Steel Industries Public Company Limited",0.87,-0.03,"-3.33%","7.592M","1.085M",909263000,"8.70",NA
"APP.BK","Applicad Public Company Limited",3.24,0,"0.00%","258,660","216,334",907200000,"19.06",NA
"TIGER.BK","Thai Enger Holding Public Company Limited",1.97,-0.05,"-2.48%","1.36M","368,295",906200000,"49.25",NA
"GLORY.BK","Glory Forever Public Company Limited",3.34,0.08,"+2.45%","522,752","1.15M",901800000,"55.67",NA
"UEC.BK","Unimit Engineering Public Company Limited",1.58,0,"0.00%","857,621","832,398",901407000,"N/A",NA
"KPNPF.BK","KPN Property Fund",5,-0.05,"-0.99%","100","8,380",9e+08,"N/A",NA
"COMAN.BK","Comanche International Public Company Limited",6.7,0.15,"+2.29%","4.088M","541,249",897800000,"670.00",NA
"CI.BK","Charn Issara Development Public Company Limited",0.84,-0.01,"-1.18%","64,300","1.07M",895944000,"N/A",NA
"TRT.BK","Tirathai Public Company Limited",2.86,0,"0.00%","175,201","205,885",880903000,"10.59",NA
"SE-ED.BK","SE-Education Public Company Limited",2.24,0.02,"+0.90%","101","41,288",877955000,"N/A",NA
"SE.BK","SiamEast Solutions Public Company Limited",1.32,-0.05,"-3.65%","5.231M","6.103M",864849000,"13.20",NA
"ALLA.BK","Alla Public Company Limited",1.44,0,"0.00%","402,400","841,693",8.64e+08,"16.00",NA
"RWI.BK","Rayong Wire Industries Public Company Limited",0.94,0,"0.00%","331,000","849,703",860359000,"11.75",NA
"MOONG.BK","Moong Pattana International Public Company Limited",2.52,-0.04,"-1.56%","880,252","804,142",850361000,"19.38",NA
"NATION.BK","Nation Group (Thailand) Public Company Limited",0.11,0,"0.00%","27.488M","22.212M",849292000,"0.85",NA
"SKE.BK","Sakol Energy Public Company Limited",0.76,0.03,"+4.11%","1.921M","788,824",848160000,"38.00",NA
"TM.BK","Techno Medical Public Company Limited",2.74,0,"0.00%","534,826","191,319",843920000,"54.80",NA
"PAF.BK","Pan Asia Footwear Public Company Limited",1.56,-0.01,"-0.64%","508,102","1.105M",842400000,"31.20",NA
"INGRS.BK","Ingress Industrial (Thailand) Public Company Limited",0.58,0.01,"+1.75%","2.456M","1.968M",839225000,"N/A",NA
"TRV.BK","T.R.V. Rubber Products Public Company Limited",3.98,0.02,"+0.51%","46,900","1.211M",835800000,"16.58",NA
"NEW.BK","Wattana Karnpaet Public Company Limited",83,-3.75,"-4.32%","1,800","1,100",8.3e+08,"9.06",NA
"SMK.BK","Syn Mun Kong Insurance Public Company Limited",4.12,-0.04,"-0.96%","65,501","543,183",8.24e+08,"N/A",NA
"LIT.BK","Lease IT Public Company Limited",1.86,0.01,"+0.54%","208,105","261,614",823852000,"N/A",NA
"TPOLY.BK","Thai Polycons Public Company Limited",1.43,-0.02,"-1.38%","370,700","559,245",819045000,"N/A",NA
"TIF1.BK","Thai Industrial Fund 1",9.1,0,"0.00%","30,900","8,563",8.19e+08,"17.50",NA
"BC.BK","Boutique Corporation Public Company Limited",1.43,0,"0.00%","100,101","150,227",813846000,"N/A",NA
"ABM.BK","Asia Biomass Public Company Limited",2.02,0.03,"+1.51%","10.655M","6.766M",8.08e+08,"25.25",NA
"BLESS.BK","Bless Asset Group Public Company Limited",1.01,0.01,"+1.00%","5.892M","2.243M",8.08e+08,"16.83",NA
"SMART.BK","MFC Smart Fixed Income Fund",0.77,0.01,"+1.32%","2.017M","707,896",802009000,"18.33",NA
"THANA.BK","Thanasiri Group Public Company Limited",2.88,-0.04,"-1.37%","7.683M","3.359M",798840000,"10.29",NA
"WGE.BK","Well Graded Engineering Public Company Limited",1.32,-0.02,"-1.49%","97,741","359,775",7.92e+08,"16.50",NA
"SLP.BK","Salee Printing Public Company Limited",0.66,0,"0.00%","367,500","546,834",7.92e+08,"N/A",NA
"VARO.BK","Varopakorn Public Company Limited",7.85,-0.1,"-1.26%","51,319","956,381",784231000,"19.15",NA
"TWP.BK","Thai Wire Products Public Company Limited",3.1,0.04,"+1.31%","91,114","217,231",781606000,"31.00",NA
"FVC.BK","Filter Vision Public Company Limited",1.38,0.09,"+6.98%","21.016M","2.646M",779897000,"19.71",NA
"TPLAS.BK","Thai Plastic Industrial (1994) Public Company Limited",2.86,-0.04,"-1.38%","488,400","763,581",772200000,"22.00",NA
"PRAPAT.BK","Peerapat Technology Public Company Limited",2.06,-0.26,"-11.21%","30.642M","9.077M",770440000,"103.00",NA
"PRAKIT.BK","Prakit Holdings Public Company Limited",12.7,-0.1,"-0.78%","29,830","99,962",767719000,"1,270.00",NA
"PG.BK","People's Garment Public Company Limited",7.95,-0.25,"-3.05%","164,701","43,211",763200000,"14.72",NA
"NDR.BK","N.D. Rubber Public Company Limited",2.2,0,"0.00%","6,700","124,191",763162000,"73.33",NA
"EASON.BK","Eason & Co Public Company Limited",1.32,-0.01,"-0.75%","509,533","1.03M",748130000,"33.00",NA
"TPA.BK","Thai Poly Acrylic Public Company Limited",6.15,0.05,"+0.82%","1,600","3,611",747225000,"307.50",NA
"TPP.BK","Thai Packaging & Printing Public Company Limited",19.9,-0.1,"-0.50%","1,900","2,016",746250000,"24.57",NA
"TNPC.BK","Thai Nam Plastic Public Company Limited",2.16,0.02,"+0.93%","1.515M","638,272",736158000,"19.64",NA
"ERWPF.BK","Erawan Hotel Growth Property Fund",4.18,0,"0.00%","170,000","112,416",736098000,"15.54",NA
"GENCO.BK","General Environmental Conservation Public Company Limited",0.65,0,"0.00%","612,600","544,868",729495000,"65.00",NA
"BSM.BK","BuilderSmart Public Company Limited",0.34,-0.01,"-2.86%","375,674","905,278",724373000,"N/A",NA
"GTB.BK","Getabec Public Company Limited",0.75,0,"0.00%","1.129M","182,759",7.2e+08,"18.75",NA
"MANRIN.BK","Mandarin Hotel Public Company Limited",26.5,0,"0.00%","9","278",712998000,"N/A",NA
"CPT.BK","CPT Drives and Power Public Company Limited",0.78,0.01,"+1.30%","54,100","368,921",7.02e+08,"N/A",NA
"K.BK","Kingsmen C.M.T.I. Public Company Limited",1.46,0,"0.00%","1.348M","1.492M",700120000,"N/A",NA
"LDC.BK","LDC Dental Public Company Limited",1.16,-0.01,"-0.85%","6.309M","12.258M",6.96e+08,"29.00",NA
"META.BK","Meta Corporation Public Company Limited",0.32,0,"0.00%","3.878M","4.538M",686880000,"N/A",NA
"KC.BK","K.C. Property Public Company Limited",0.19,-0.01,"-5.00%","7.074M","9.534M",686573000,"N/A",NA
"CSP.BK","CSP Steel Center Public Company Limited",1.37,-0.01,"-0.72%","125,036","194,462",679752000,"3.11",NA
"MNIT2.BK","MFC-Nichada Thani Property Fund 2",4.9,0,"0.00%","10","1,983",676200000,"29.70",NA
"ETE.BK","Eastern Technical Engineering Public Company Limited",1.19,-0.02,"-1.65%","470,600","479,513",666400000,"119.00",NA
"IRCP.BK","International Research Corporation Public Company Limited",1.14,-0.03,"-2.56%","7.169M","3.729M",659720000,"114.00",NA
"PPP.BK","Premier Products Public Company Limited",2.16,-0.02,"-0.92%","28,300","105,618",6.48e+08,"N/A",NA
"OCC.BK","O.C.C. Public Company Limited",10.7,-0.2,"-1.83%","1,331","236",6.42e+08,"46.52",NA
"CITY.BK","City Steel Public Company Limited",2.12,-0.02,"-0.93%","8,500","44,744",6.36e+08,"N/A",NA
"WIN.BK","Wyncoast Industrial Park Public Company Limited",1.13,0.07,"+6.60%","9.356M","1.484M",634093000,"9.42",NA
"DHOUSE.BK","Dhouse Pattana Public Company Limited",0.75,0,"0.00%","381,901","522,140",6.3e+08,"N/A",NA
"ASN.BK","ASN Broker Public Company Limited",3.36,0,"0.00%","43,701","79,004",628992000,"84.00",NA
"NEP.BK","NEP Realty and Industry Public Company Limited",0.27,0.01,"+3.85%","400,500","712,186",627853000,"N/A",NA
"PHOL.BK","Phol Dhanya Public Company Limited",3.1,0.02,"+0.65%","75,955","82,681",627750000,"11.48",NA
"GSC.BK","Global Service Center Public Company Limited",2.5,0.14,"+5.93%","31.294M","1.999M",6.25e+08,"62.50",NA
"F&D.BK","Food and Drinks Public Company Limited",35,0.25,"+0.72%","801","0",616850000,"N/A",NA
"IND.BK","Index International Group Public Company Limited",1.76,-0.05,"-2.76%","1.663M","5.698M",6.16e+08,"11.73",NA
"HPT.BK","Home Pottery Public Company Limited",0.93,0.05,"+5.68%","54.573M","16.045M",615733000,"15.50",NA
"KK.BK","K&K Superstore Southern Public Company Limited",2.54,0.04,"+1.60%","139,541","50,739",613410000,"63.50",NA
"QLT.BK","Qualitech Public Company Limited",6.2,-0.05,"-0.80%","44,200","344,457",611125000,"14.76",NA
"PLANET.BK","Planet Communications Asia Public Company Limited",1.55,-0.01,"-0.64%","130,900","696,604",609409000,"38.75",NA
"DV8.BK","DV8 Public Company Limited",0.41,0.01,"+2.50%","1.041M","175,822",586472000,"N/A",NA
"TVT.BK","TV Thunder Public Company Limited",0.73,-0.02,"-2.67%","161,001","543,191",584022000,"36.50",NA
"UP.BK","Union Plastic Public Company Limited",22.5,-0.7,"-3.02%","1,200","642",562500000,"20.45",NA
"ALL.BK","All Inspire Development Public Company Limited",0.25,0.01,"+4.17%","9.346M","26.023M",558475000,"N/A",NA
"ARIP.BK","ARIP Public Company Limited",1.19,0.19,"+19.00%","20.871M","3.554M",554540000,"39.67",NA
"OGC.BK","Ocean Glass Public Company Limited",25.5,0.7,"+2.82%","301","1,562",543933000,"24.06",NA
"QHOP.BK","Quality Hospitality Leasehold Property Fund",2.84,-0.04,"-1.39%","19,800","39,598",543292000,"N/A",NA
"BUI.BK","Bangkok Union Insurance Public Company Limited",17.4,0,"0.00%","1,300","2,488",521997000,"14.15",NA
"TSI.BK","The Thai Setakij Insurance Public Company Limited",0.27,0,"0.00%","733,800","722,755",513786000,"N/A",NA
"FLOYD.BK","Floyd Public Company Limited",1.42,0,"0.00%","329,700","1.509M",511200000,"71.00",NA
"GCAP.BK","G Capital Public Company Limited",1.35,0,"0.00%","5.33M","3.243M",504099000,"N/A",NA
"KKC.BK","Kulthorn Kirby Public Company Limited",0.33,0,"0.00%","29,001","144,347",4.95e+08,"N/A",NA
"BGT.BK","BGT Corporation Public Company Limited",1.36,0.01,"+0.74%","13.53M","5.092M",494387000,"N/A",NA
"PPS.BK","Project Planning Service Public Company Limited",0.57,0,"0.00%","541,600","651,336",490117000,"19.00",NA
"KCM.BK","K.C. Metalsheet Public Company Limited",0.72,0.03,"+4.35%","4.341M","296,529",489600000,"N/A",NA
"RP.BK","Raja Ferry Port Public Company Limited",2.38,-0.02,"-0.83%","351,900","218,047",477933000,"N/A",NA
"JAK.BK","Jakpaisan Estate Public Company Limited",1.49,0,"0.00%","29,700","50,003",476800000,"N/A",NA
"ASIMAR.BK","Asian Marine Services Public Company Limited",1.82,-0.02,"-1.09%","49,600","99,001",470090000,"45.50",NA
"BTW.BK","BT Wealth Industries Public Company Limited",0.62,-0.01,"-1.59%","295,314","1.149M",468720000,"N/A",NA
"UPF.BK","Union Pioneer Public Company Limited",62.25,-0.25,"-0.40%","10,700","2,024",466875000,"12.65",NA
"KASET.BK","Thai Ha Public Company Limited",1.64,0,"0.00%","599,303","818,775",455920000,"N/A",NA
"STC.BK","STC Concrete Product Public Company Limited",0.8,0.02,"+2.56%","1.639M","379,132",454400000,"N/A",NA
"PRECHA.BK","Preecha Group Public Company Limited",1.35,0.01,"+0.75%","1.288M","669,127",453600000,"N/A",NA
"TCJ.BK","T.C.J. Asia Public Company Limited",4.26,-0.06,"-1.39%","19,850","44,803",449839000,"N/A",NA
"SK.BK","Sirakorn Public Company Limited",0.97,0,"0.00%","1.041M","1.063M",446200000,"97.00",NA
"SANKO.BK","Sanko Diecasting (Thailand) Public Company Limited",1.39,0.08,"+6.11%","24.884M","346,270",440162000,"23.17",NA
"CIG.BK","C.I. Group Public Company Limited",0.5,0.01,"+2.04%","1.054M","862,285",432394000,"N/A",NA
"AFC.BK","Asia Fiber Public Company Limited",9.15,-0.1,"-1.08%","23,425","115,942",417005000,"20.33",NA
"FANCY.BK","Fancy Wood Industries Public Company Limited",0.67,-0.01,"-1.47%","297,300","432,298",412050000,"N/A",NA
"CRD.BK","Chiangmai Rimdoi Public Company Limited",0.82,-0.01,"-1.20%","367,805","627,555",4.1e+08,"N/A",NA
"M-STOR.BK","MFC-Strategic Storage Fund",6.1,0,"0.00%","1,000","2,622",370880000,"N/A",NA
"TNDT.BK","Thai Nondestructive Testing Public Company Limited",0.44,-0.01,"-2.22%","937,705","4.316M",355551000,"N/A",NA
"JCKH.BK","JCK Hospitality Public Company Limited",0.13,-0.01,"-7.14%","1.864M","6.792M",346290000,"N/A",NA
"THMUI.BK","Thai Mui Corporation Public Company Limited",1,0,"0.00%","419,500","1.076M",3.4e+08,"N/A",NA
"CHARAN.BK","Charan Insurance Public Company Limited",28,0,"0.00%","700","4,081",3.36e+08,"47.46",NA
"SAWANG.BK","Sawang Export Public Company Limited",14,-0.2,"-1.41%","1,700","3,921",3.36e+08,"N/A",NA
"MNRF.BK","MFC Multi-National Residence Fund",2.82,-0.02,"-0.70%","7,000","6,417",303150000,"60.00",NA
"HYDRO.BK","Hydrotek Public Company Limited",0.94,-0.01,"-1.05%","80,407","105,852",293210000,"N/A",NA
"ACAP.BK","ASIA Capital Group Public Company Limited",0.74,0,"0.00%","270,200","1.121M",271144000,"N/A",NA
"TNPF.BK","Trinity Freehold and Leasehold Property Fund",1.81,0,"0.00%","600","6,190",265046000,"N/A",NA
"MNIT.BK","MFC-Nichada Thani Property Fund 2",1.71,0,"0.00%","1,500","5,475",235980000,"28.50",NA
"NC.BK","Newcity (Bangkok) Public Company Limited",11.8,0,"0.00%","3,700","1,345",176422000,"31.05",NA
"MIT.BK","MFC Industrial Real Estate Investment Trust",1.72,-0.03,"-1.71%","25,303","43,514",167700000,"1.32",NA
"ROCK.BK","Rockworth Public Company Limited",8.2,0,"0.00%","2,000","774",1.64e+08,"N/A",NA
"BTNC.BK","Boutique Newcity Public Company Limited",13.3,-1.2,"-8.28%","220","2,714",159600000,"N/A",NA
"NPK.BK","New Plus Knitting Public Company Limited",15.6,0,"0.00%","100","285",1.56e+08,"N/A",NA
"URBNPF.BK","Urbana Property Fund (leasehold)",1.96,0,"0.00%","200","4,667",141120000,"N/A",NA
"BRRGIF.BK","Buriram Sugar Group Power Plant Infrastructure Fund",4.82,-0.02,"-0.41%","25,104","33,833",NA,"N/A",NA
"STAR5001.BK","Bualuang Securities Public Company Limited",31.5,0.25,"+0.80%","93,306","N/A",NA,"N/A",NA
"CNTECH01.BK","Bualuang Securities Public Company Limited",23.8,-0.3,"-1.24%","47,868","N/A",NA,"N/A",NA
"NDX01.BK","Bualuang Securities Public Company Limited",9.9,-0.05,"-0.50%","159,366","N/A",NA,"N/A",NA
"S&J.BK","S & J International Enterprises Public Company Limited",36,1,"+2.86%","401","N/A",NA,"N/A",NA
"SIRIP.BK","Siri Prime Office Property Fund",7.8,0,"0.00%","100","1,359",NA,"N/A",NA
"FUEVFVND01.BK","Bualuang Securities Public Company Limited",33.5,0,"0.00%","729,137","N/A",NA,"N/A",NA
"ITNS.BK","International Network System Public Company Limited",4.56,0.16,"+3.64%","8.848M","13.823M",NA,"22.80",NA
"SUPEREIF.BK","Super Energy Power Plant Infrastructure Fund",9.8,0,"0.00%","190,900","336,131",NA,"N/A",NA
"XIAOMI80.BK","Xiaomi Corporation",5,-0.15,"-2.91%","635,395","N/A",NA,"N/A",NA
"KBSPIF.BK","Khonburi Sugar Power Plant Infrastructure Fund",11.3,0,"0.00%","102,300","264,301",NA,"N/A",NA
"KBSPIF.BK","Khonburi Sugar Power Plant Infrastructure Fund",11.3,0,"0.00%","102,300","264,301",NA,"N/A",NA
"BTSGIF.BK","BTS Rail Mass Transit Growth Infrastructure Fund",3.76,0,"0.00%","19.916M","2.822M",NA,"N/A",NA
"CN01.BK","Bualuang Securities Public Company Limited",20.8,0.1,"+0.48%","87,937","N/A",NA,"N/A",NA
"BYDCOM80.BK","BYD Company Limited",0.95,0.02,"+2.15%","3.386M","N/A",NA,"N/A",NA
"EGATIF.BK","Electricity Generating Authority Of Thailand- North Bangkok Power Plant Block 1 Infrastructure Fund",6.95,-0.05,"-0.71%","545,100","1.473M",NA,"N/A",NA
"TENCENT80.BK","Tencent Holdings Limited",16,0.3,"+1.91%","1.273M","N/A",NA,"9.02",NA
"BABA80.BK","Alibaba Group Holding Limited",4.68,-0.02,"-0.43%","6.333M","N/A",NA,"0.04",NA
"SAF.BK","S.A.F. Special Steel Public Company Limited",2.82,0.89,"+46.11%","979.335M","N/A",NA,"N/A",NA
"DIF.BK","Digital Telecommunications Infrastructure Fund",13.7,0.1,"+0.74%","12.007M","9.206M",NA,"N/A",NA
"JASIF.BK","Jasmine Broadband Internet Infrastructure Fund",8.25,0.05,"+0.61%","3.241M","10.689M",NA,"N/A",NA
